delta_FPOGX,delta_FPOGY,delta_LPD,delta_RPD
0.0,0.0,0.0,0.0
0.00029000000000001247,0.0004900000000000043,-0.010219999999996787,-0.8344400000000007
-0.00023000000000000798,0.0008099999999999982,-0.34486000000000416,-0.08256000000000085
-0.00029999999999996696,0.0014100000000000015,-0.2687299999999979,0.9435099999999963
-0.000250000000000028,0.0009699999999999986,-0.3272100000000009,-0.4515699999999967
0.00010999999999999899,0.0008000000000000021,0.5629400000000047,0.8072799999999987
8.00000000000245e-05,-0.0008700000000000027,0.040219999999997924,-0.6619600000000005
7.00000000000145e-05,-0.0009800000000000017,0.01122999999999763,-0.3514899999999983
-0.00046000000000001595,-0.00032000000000000084,-0.2666199999999961,0.129170000000002
-0.00012000000000000899,8.99999999999998e-05,0.36419999999999675,-0.6229000000000013
-0.00010999999999999899,0.0004400000000000029,0.3661900000000031,0.27942999999999785
0.00019999999999997797,-0.00014000000000000123,-0.9850300000000018,1.0824600000000046
-0.00012999999999996348,0.00014000000000000123,0.5922199999999975,-0.23369000000000284
-0.00012000000000000899,0.00012999999999999817,-0.30596999999999497,-0.6193699999999964
-1.0000000000010001e-05,0.0002899999999999986,0.23001000000000005,-0.19933000000000334
-0.00029000000000001247,0.0002500000000000002,0.38328999999999525,0.9695899999999966
-0.00026999999999999247,-3.999999999999837e-05,-0.06962000000000046,-0.7623699999999971
-0.00010999999999999899,-0.00021000000000000185,-0.19363999999999493,0.24179000000000173
0.00028000000000000247,-0.000559999999999998,-0.517470000000003,0.4158699999999982
0.00026999999999999247,-0.0006600000000000009,-0.17779999999999774,-0.25401000000000096
4.0000000000040004e-05,-0.00032000000000000084,1.0647699999999958,-0.2931999999999988
0.00019999999999997797,-0.0005499999999999949,-0.692540000000001,0.6791499999999999
0.00023000000000000798,-0.00019000000000000267,0.03696000000000055,-0.33973999999999904
-3.0000000000030003e-05,0.0006499999999999978,0.5891900000000021,0.1239399999999975
2.0000000000020002e-05,0.0006099999999999994,0.5842400000000012,0.022310000000004493
0.0,0.0008600000000000066,-0.260150000000003,-0.3167800000000014
-2.0000000000020002e-05,0.0007999999999999952,-0.7371199999999973,-0.04346000000000316
-0.00017999999999995797,0.0007300000000000015,0.502679999999998,0.31888000000000005
-0.00020000000000003348,0.000449999999999999,-0.18119999999999692,-0.16711000000000098
-4.999999999999449e-05,3.999999999999837e-05,0.695609999999995,0.21753999999999962
-2.999999999997449e-05,-7.000000000000062e-05,-0.9762099999999947,-0.5645899999999955
-3.0000000000030003e-05,-0.00015999999999999348,0.0627500000000012,0.1472699999999989
-4.999999999999449e-05,6.999999999999368e-05,-0.07639999999999958,-0.13394999999999868
-4.999999999999449e-05,0.00017000000000000348,0.26274999999999693,0.3804499999999962
-3.0000000000030003e-05,0.0001999999999999988,0.3433300000000017,-0.3018599999999978
-1.999999999996449e-05,0.00023000000000000104,-0.5317399999999992,0.4418900000000008
9.999999999998899e-05,-5.9999999999997555e-05,-0.46524000000000143,0.3480199999999982
7.00000000000145e-05,5.9999999999997555e-05,0.12758999999999787,-0.5923599999999993
-2.0000000000020002e-05,0.0008499999999999966,1.448590000000003,-0.07645000000000124
3.999999999998449e-05,0.0006500000000000047,-0.4540800000000047,0.12395000000000067
5.0000000000050004e-05,0.00043999999999999595,-0.16662999999999784,0.21547000000000338
-3.0000000000030003e-05,0.0003500000000000031,-0.48796999999999713,-0.4605400000000017
6.0000000000004494e-05,0.00014999999999999736,0.009380000000000166,-0.09259999999999735
4.999999999999449e-05,5.000000000000143e-05,-0.0988400000000027,0.031589999999994234
0.000130000000000019,0.00019000000000000267,0.3100999999999985,0.5777100000000033
1.0000000000010001e-05,-7.000000000000062e-05,-0.006340000000001567,0.0504099999999994
1.999999999996449e-05,-8.99999999999998e-05,-0.15812999999999988,-0.2851100000000031
-1.999999999996449e-05,0.0002500000000000002,0.10827000000000453,-0.2871600000000001
-5.0000000000050004e-05,9.999999999999593e-05,-0.2037600000000026,1.1899900000000017
-3.999999999998449e-05,3.0000000000002247e-05,0.5133100000000042,-0.43200000000000216
1.0000000000010001e-05,-0.00016000000000000042,-0.63673,-0.09585999999999473
7.00000000000145e-05,-0.00030000000000000165,0.461509999999997,-0.33867000000000047
6.0000000000004494e-05,-0.0002099999999999949,-0.06407999999999703,-0.14294999999999902
9.99999999995449e-06,-0.00010000000000000286,-0.10220999999999947,-0.19304000000000343
-3.999999999998449e-05,0.0002899999999999986,0.22789999999999822,0.1907500000000013
-2.999999999997449e-05,0.0002899999999999986,-0.31414000000000186,-0.1455699999999993
0.00012999999999996348,0.00020000000000000573,0.5191799999999986,0.7798200000000008
1.0000000000010001e-05,-4.000000000000531e-05,-0.2870899999999992,-0.057010000000005334
1.0000000000010001e-05,-0.00010999999999999899,-0.0191599999999994,-0.6483499999999935
0.0,0.0002500000000000002,0.26174999999999926,-0.4338900000000052
0.00018000000000001348,0.00016000000000000042,-0.12541000000000224,0.24694000000000216
0.00018999999999996797,0.0002400000000000041,-0.30424000000000007,-0.5709900000000019
1.0000000000010001e-05,0.0002899999999999986,-0.7621599999999944,0.8245300000000029
0.00017000000000000348,0.0002500000000000002,-3.204660000000004,-0.7664600000000021
0.00017000000000000348,0.00032999999999999696,3.1448000000000036,-0.2756199999999964
0.00017000000000000348,0.0003500000000000031,-3.5199700000000007,0.6849799999999959
-0.00010999999999999899,0.0005799999999999972,-0.5032500000000013,0.08731000000000222
-0.00010999999999999899,0.0006599999999999939,3.54748,-0.6247200000000035
4.999999999999449e-05,0.0012200000000000127,0.778730000000003,-0.30388999999999555
0.00037999999999999146,0.002369999999999997,-1.0679400000000001,-1.182610000000004
0.00034000000000000696,0.00202999999999999,-0.45389000000000124,0.1719800000000049
0.006340000000000012,0.02922000000000001,-0.7731700000000004,-1.974140000000002
0.004039999999999988,0.07372000000000001,-0.5285000000000011,0.13493000000000066
0.0014299999999999868,0.021879999999999983,-0.4732100000000017,-0.4857900000000015
0.0028000000000000247,0.037260000000000015,-0.16567999999999827,-0.12987000000000037
0.0022199999999999998,0.0015899999999999803,-0.1859800000000007,0.48034000000000177
0.0007800000000000029,0.001689999999999997,0.22127000000000052,-0.6456700000000026
3.999999999998449e-05,0.0023300000000000265,-0.2586100000000009,0.40031000000000105
0.00035000000000001696,0.0006999999999999784,0.34765000000000157,-0.976659999999999
0.00024999999999997247,0.0009900000000000186,-0.2808799999999998,0.8804400000000001
0.0006700000000000039,-0.0005600000000000049,-0.22157999999999944,-0.8381399999999992
-0.0006599999999999939,0.00014000000000000123,0.08386999999999745,0.09446999999999761
-0.0006899999999999684,-0.0010000000000000009,-0.1005900000000004,0.286010000000001
0.00018999999999996797,-0.0009000000000000119,-0.4007899999999971,-0.36422999999999917
0.00034000000000000696,-0.002599999999999991,0.12447999999999837,0.23353999999999786
0.00030999999999997696,-0.0032000000000000084,-0.26595000000000013,0.3199000000000005
-0.00024999999999997247,-0.0024500000000000077,0.8363300000000002,-0.7838999999999992
-9.999999999998899e-05,-0.0020799999999999985,-0.7624500000000012,0.31343999999999994
-7.00000000000145e-05,-0.0011099999999999999,-0.18131999999999948,0.056110000000000326
8.00000000000245e-05,-0.0004499999999999782,0.7434800000000017,-0.19181999999999988
0.00027999999999994696,0.0005599999999999772,-0.5676200000000016,0.18715999999999866
0.00028000000000000247,0.0007600000000000107,-0.12340000000000018,-0.5348000000000006
0.000130000000000019,0.0009000000000000119,-0.15611999999999782,0.736810000000002
2.0000000000020002e-05,-0.000130000000000019,-0.11527000000000243,-0.5713600000000021
-1.0000000000010001e-05,-1.9999999999992246e-05,-0.0904600000000002,-0.012259999999997717
-1.0000000000010001e-05,0.0008100000000000052,-0.09002999999999872,-0.15622000000000114
-0.00020999999999998797,0.0003700000000000092,0.34998999999999825,-0.1997800000000005
-0.00017000000000000348,0.00011999999999998123,-0.04823000000000022,-0.5181299999999993
0.00013999999999997348,0.00010999999999999899,-0.37586999999999904,0.64011
-0.00032999999999999696,-0.00042999999999998595,0.3343899999999991,-0.0507099999999987
-0.00029999999999996696,-0.0002600000000000102,0.15667000000000186,-0.05349999999999966
4.999999999999449e-05,0.0004899999999999904,-0.3892699999999998,0.016739999999998645
0.00025999999999998247,0.0005400000000000127,-0.08152000000000115,0.41913999999999874
0.00023000000000000798,0.0004599999999999882,-0.3240899999999982,-0.5315099999999973
2.0000000000020002e-05,-0.00014000000000000123,0.0977099999999993,0.4689099999999975
1.999999999996449e-05,-0.00023999999999999022,-0.11350000000000193,-0.33123999999999754
-7.999999999996898e-05,0.00015000000000001124,0.49613000000000085,-0.46410000000000196
-4.999999999999449e-05,-3.0000000000002247e-05,0.1940799999999996,0.015450000000001296
-3.0000000000030003e-05,0.00011999999999998123,-0.3588199999999979,0.07262000000000057
-0.00014999999999998348,-0.00010999999999999899,0.2418200000000006,0.2395499999999977
6.0000000000004494e-05,0.0005600000000000049,0.03844999999999743,-0.08620999999999768
4.999999999999449e-05,0.0005900000000000072,-0.7045299999999983,-0.40074000000000254
0.0008000000000000229,0.0024899999999999922,-0.7111000000000018,-0.15856999999999744
0.0010299999999999754,0.0032400000000000206,-0.25516000000000005,-0.5448599999999999
0.007889999999999953,0.027449999999999974,-0.5841599999999971,-0.4004700000000021
0.01489000000000007,0.035750000000000004,0.10435999999999979,0.2764000000000024
0.005120000000000013,0.012330000000000008,0.3044399999999996,0.043329999999997426
0.002529999999999921,0.005510000000000015,0.16873000000000005,0.4650400000000019
0.0019700000000000273,0.005149999999999988,-0.22106000000000137,-0.5999100000000013
0.0010499999999999954,0.0007800000000000029,-0.4148399999999981,0.12425999999999959
0.0007000000000000339,0.0046399999999999775,0.629999999999999,-0.3788400000000003
0.0005499999999999394,0.0005200000000000204,0.2336999999999989,0.4275500000000001
0.00043000000000004146,0.0006999999999999784,-0.701550000000001,0.21818000000000026
0.00012999999999996348,0.0016500000000000403,0.21703000000000117,-0.2231500000000004
0.00046000000000001595,0.0008599999999999719,0.6498799999999996,0.2930000000000028
0.00038000000000004697,0.0009299999999999864,0.2135700000000007,0.1902899999999974
-0.00024000000000001798,0.0010600000000000054,0.14425999999999917,0.18753000000000242
0.00046999999999997044,0.0006599999999999939,-0.4579500000000003,-0.7917800000000028
0.00043000000000004146,0.000490000000000046,0.23948999999999998,0.7338000000000022
-1.0000000000065512e-05,0.0005499999999999949,0.28537999999999997,-0.21657000000000082
0.00036000000000002697,-0.00024000000000001798,-0.5742599999999989,0.7055700000000016
0.0003500000000000725,2.999999999997449e-05,0.06818000000000168,-0.9457900000000024
-6.0000000000060005e-05,6.0000000000004494e-05,0.7448999999999977,1.0493000000000023
4.999999999999449e-05,0.00041000000000002146,0.0938200000000009,-0.43694000000000344
4.999999999999449e-05,0.0005700000000000149,-0.8167399999999994,0.9818000000000033
-3.999999999992898e-05,0.00039999999999995595,0.5191899999999983,-1.2435600000000022
0.00013999999999991797,0.00024000000000001798,0.16037999999999997,0.5793199999999992
0.0001100000000000545,0.00010999999999999899,0.5322500000000012,0.13855000000000217
-0.000180000000000069,0.00045000000000000595,-0.4681899999999999,0.31470999999999805
0.000140000000000029,-1.0000000000010001e-05,0.7954399999999993,0.5952400000000004
0.00012999999999996348,8.00000000000245e-05,-0.8303499999999993,-0.9910399999999981
0.0018500000000000183,-0.0009299999999999864,0.7353899999999989,0.40287000000000006
0.0023500000000000743,-0.0023100000000000342,0.1567399999999992,1.300939999999997
0.0022099999999999342,-0.0019399999999999973,0.40653000000000006,-0.016739999999998645
0.003130000000000077,-0.003579999999999972,1.3490900000000003,1.7643500000000003
0.025029999999999997,-0.022950000000000026,-0.02132999999999896,0.24501999999999668
0.03935999999999995,-0.047119999999999995,-0.08248000000000033,0.7001900000000063
0.01992000000000005,-0.016520000000000007,1.3553999999999995,0.05051999999999879
0.03700999999999999,-0.026099999999999984,-0.4613700000000023,0.4693600000000018
0.007879999999999998,0.015460000000000002,0.6777300000000039,-4.310700000000004
0.0031599999999999406,0.007379999999999998,0.49269999999999925,4.729329999999997
0.00031999999999998696,0.003149999999999986,-0.31481000000000137,0.3081900000000033
0.00019000000000002348,0.0018900000000000028,0.11744000000000199,-5.255320000000001
-0.00012000000000000899,0.00015000000000001124,-0.04046999999999912,5.46536
-0.00019999999999997797,-0.0007400000000000184,-0.05769000000000091,0.0015399999999985425
-0.000140000000000029,-0.0005499999999999949,0.32157000000000124,-28.121499999999997
0.00017000000000000348,-0.00034000000000000696,-0.7331100000000035,27.955730000000003
-0.00014999999999998348,-0.0009799999999999809,0.43650000000000233,0.48057000000000016
-0.00012999999999996348,-0.0008100000000000052,0.24615999999999616,-5.255680000000002
-0.00026999999999999247,-0.0006700000000000039,0.5019200000000055,5.527809999999999
-6.0000000000060005e-05,0.00021000000000001573,-0.6164400000000043,0.07106999999999886
-4.999999999999449e-05,0.00018999999999999573,0.7365600000000043,-4.9247099999999975
-7.00000000000145e-05,-0.0002700000000000202,0.36511999999999745,5.198119999999996
0.0001300000000000745,0.00012000000000000899,-0.7036000000000016,-0.5291599999999974
0.00010999999999994348,9.999999999998899e-05,0.21621999999999986,-4.85576
0.00012000000000000899,-0.00036999999999998145,0.5266300000000044,5.590410000000002
0.00017000000000000348,-0.00012000000000000899,0.42881999999999465,0.3177400000000006
0.00014999999999998348,-0.00010999999999999899,-0.4983099999999965,-4.963260000000005
0.000260000000000038,6.0000000000004494e-05,0.018569999999996867,5.801690000000001
0.00017999999999995797,-0.0007399999999999907,0.7381700000000038,-1.0161599999999993
0.00017000000000000348,-0.0005200000000000204,-0.48626000000000147,-4.896740000000001
0.004709999999999992,-0.002559999999999979,-2.781260000000003,0.3665200000000013
-0.009869999999999934,0.008309999999999984,0.006490000000006546,0.03381000000000256
-0.009029999999999982,0.007800000000000029,-0.6486200000000046,-1.08418
-0.03637000000000001,0.03243999999999997,0.05231000000000208,0.0451599999999992
-0.11180000000000001,0.07302000000000003,0.4790300000000016,0.6554900000000004
-0.037260000000000015,0.024339999999999973,-0.35267999999999944,-0.4260699999999993
-0.07528000000000001,0.06117,0.012709999999998445,0.0854399999999984
-4.999999999999449e-05,0.0049100000000000255,0.5770499999999998,0.41348999999999947
-2.0000000000020002e-05,0.0016299999999999648,-0.2791300000000021,-0.33589999999999876
-0.003139999999999976,0.005200000000000038,0.03815000000000168,0.07873000000000019
0.0006800000000000139,0.002799999999999969,0.36115999999999815,0.33036000000000243
0.00045000000000000595,0.0018699999999999828,-0.5942999999999969,-0.3645100000000028
0.0,0.0,0.20098999999999734,0.18811999999999784
0.0,0.0,0.44077000000000055,0.4992999999999981
0.0,0.0,-0.3275900000000007,-0.8147699999999958
-0.00042000000000003146,0.003280000000000005,0.173960000000001,0.4579999999999984
0.0,0.0,0.24692000000000291,0.32287999999999784
0.0,0.0,-0.39482000000000284,-0.6475899999999974
-0.39903,-0.46185,0.2002600000000001,0.3863599999999998
0.0,0.0,0.3502900000000011,0.4234300000000033
0.0,0.0,-0.41396999999999906,-0.5386300000000048
0.0,0.0,0.25251999999999697,0.3546699999999987
0.0,0.0,0.3974400000000031,0.33709000000000344
0.0,0.0,-0.45109000000000066,-0.6423800000000028
0.0,0.0,0.11829000000000178,0.5442800000000005
0.0,0.0,0.47893999999999437,0.46293000000000006
0.0,0.0,-0.6838199999999972,-0.7292399999999972
0.0,0.0,0.3557300000000012,0.49114000000000146
0.0,0.0,0.3567899999999966,0.3959899999999976
0.0,0.0,-0.9176000000000002,-0.640430000000002
0.0,0.0,0.6846500000000049,0.3573700000000031
0.0,0.0,0.38597999999999644,0.3840399999999988
0.0,0.0,-0.7839499999999973,-0.6777000000000015
0.0,0.0,0.47533999999999565,0.3342799999999997
0.0,0.0,0.3255200000000045,0.5196500000000057
0.0,0.0,-0.4062600000000032,-0.5353700000000003
0.0,0.0,0.12805000000000177,-0.06134000000000128
0.0,0.0,0.29809000000000196,0.5734199999999987
0.0,0.0,-0.2443799999999996,-0.36303999999999803
0.0,0.0,0.0741999999999976,0.20472999999999786
0.0,0.0,0.377200000000002,0.33874999999999744
0.0,0.0,-0.16528000000000276,-0.43266999999999456
0.0,0.0,-0.030230000000003088,0.03331999999999624
0.0,0.0,0.18006000000000455,0.3424499999999995
0.0,0.0,-0.19770000000000465,-0.3716000000000008
0.0,0.0,0.005040000000001044,0.12483999999999895
0.53235,0.52438,0.15205999999999875,0.1993400000000065
0.17745,0.17479,-0.17239000000000004,-0.3095300000000023
0.3621000000000001,0.36898,0.11050000000000182,0.11332999999999771
0.0020700000000000163,0.0024800000000000377,0.30152999999999963,0.3162500000000037
0.0006899999999998574,0.0008200000000000429,-0.23608000000000118,-0.2470700000000008
-0.0008599999999998609,-0.004070000000000018,0.06294000000000466,0.03265999999999991
-0.00012000000000012001,-0.002990000000000048,0.10949000000000098,0.4039900000000003
-7.999999999985796e-05,-0.0019899999999999363,-0.07677000000000334,-0.05123999999999995
0.0,0.0,-0.026739999999996655,-0.11532000000000409
0.002169999999999783,0.005409999999999915,0.26775999999999556,0.060830000000002826
0.0016200000000001769,0.004050000000000109,-0.11699000000000126,0.18509000000000242
0.0,0.0,0.2543199999999999,-0.023620000000001085
0.0,0.0,-0.03201999999999572,0.17249999999999943
0.0,0.0,-0.03392999999999802,-0.0448599999999999
0.0007899999999998464,0.0005299999999999194,0.034569999999995105,-0.15368000000000137
0.0,0.0,0.04607000000000028,0.13199000000000183
0.0,0.0,0.03316999999999837,0.13076999999999828
-1.07818,-1.07239,0.18469000000000335,0.09212999999999738
0.0,0.0,-0.14292999999999978,-0.128149999999998
0.0,0.0,0.082650000000001,0.07961999999999847
0.0,0.0,0.13380999999999688,0.0736699999999999
0.0,0.0,0.012030000000002872,0.09689000000000192
0.0,0.0,-0.046100000000002694,0.0681900000000013
0.0,0.0,0.10737000000000307,0.031709999999996796
0.0,0.0,0.10502999999999929,-0.03255000000000052
0.0,0.0,0.018230000000002633,0.1559700000000035
0.0,0.0,-0.026670000000002858,-0.12704000000000093
0.0,0.0,-0.0016699999999971737,0.08001999999999754
0.0,0.0,0.08433999999999742,0.14793000000000234
0.0,0.0,0.11486000000000018,-0.06052999999999997
0.54412,0.53119,-0.00905999999999807,-0.018470000000000653
0.18137999999999999,0.17706,0.029299999999999216,-0.032910000000001105
0.36274000000000006,0.35413000000000006,-0.0387100000000018,0.08769999999999811
0.0022199999999998887,0.015529999999999822,0.12424000000000035,0.03724000000000416
0.0007300000000001194,0.005170000000000119,-0.22046999999999883,-0.09797000000000367
-0.16305000000000014,-0.2102400000000001,0.1652300000000011,-0.17824999999999847
-0.18359999999999999,-0.25786999999999993,-0.38067000000000206,-0.329819999999998
-0.06120000000000003,-0.08596000000000004,-0.020080000000000098,-0.08653000000000333
-0.10283999999999993,-0.13144999999999996,-0.34942000000000206,-0.4109099999999941
-0.0013499999999999623,-0.027139999999999997,0.02248999999999768,0.22043000000000035
-0.00045000000000006146,-0.009050000000000002,0.21662000000000603,-0.0617600000000067
0.0005699999999999594,0.0043899999999999495,0.10610999999999393,0.11605000000000132
0.003190000000000026,0.013300000000000034,-0.08798999999999779,-0.03868999999999545
0.0021300000000000763,0.008869999999999989,-0.04650000000000176,0.0695699999999988
-0.0025300000000000322,-0.0024100000000000232,0.1329200000000057,0.09544999999999959
-0.00766,0.045040000000000024,0.1103299999999976,-0.021810000000002105
-0.005970000000000031,0.035030000000000006,-0.17893000000000114,-0.1387199999999993
0.00045000000000006146,-0.008550000000000002,0.030700000000003058,0.20580000000000354
0.0015599999999998948,-0.0008900000000000019,-0.03078000000000003,-0.005220000000001335
0.0013000000000000789,-0.0007400000000000184,0.003229999999994959,-0.056809999999998695
0.0016800000000000148,-0.006769999999999998,0.023360000000003822,-0.0446500000000043
-0.00017000000000000348,-0.007019999999999971,0.0665300000000002,0.21415999999999968
-0.000160000000000049,-0.00608000000000003,0.030630000000002156,-0.1965799999999973
0.0019400000000000528,0.0025900000000000367,0.12282999999999333,0.07489999999999952
0.0022099999999999342,-0.00030000000000002247,-0.0021999999999948727,0.06776999999999589
0.0019700000000000273,-0.00025999999999998247,0.0008499999999997954,-0.09138999999999697
-0.0023300000000000542,0.02296999999999999,0.06613000000000113,-0.13335999999999615
0.0010000000000000009,-0.05508000000000002,-0.080600000000004,0.22763999999999385
0.00034000000000000696,-0.018359999999999987,0.00408000000000186,-0.11927999999999628
-0.0037800000000000056,-0.03806999999999999,0.10967000000000127,0.17203999999999553
-0.0009499999999998954,-0.006709999999999994,-0.07128000000000156,-0.16507999999999612
-0.00031000000000003247,-0.0022300000000000098,-0.01261000000000223,0.21303999999999945
-0.003310000000000035,0.0009899999999999909,0.04548000000000485,-0.15648999999999802
0.0023800000000000487,0.0037900000000000156,0.18627999999999645,-0.026620000000001198
0.0015899999999999803,0.0025199999999999667,-0.18034999999999712,0.0292699999999968
0.0014399999999999968,0.003200000000000036,0.03605999999999909,-0.04853999999999559
0.0,-0.0018199999999999883,0.05333999999999861,0.06466999999999956
0.0,-0.0014200000000000323,0.01138000000000261,-0.126100000000001
0.0007899999999999574,0.0013699999999999823,-0.12354000000000553,0.11932999999999794
-0.0011999999999999789,-0.0021799999999999597,0.15970000000000084,-0.04672999999999661
-0.0010000000000000009,-0.0018199999999999883,-0.07253000000000043,-0.10643000000000313
-0.0039399999999999435,0.03220999999999996,0.032380000000003406,0.12662000000000262
0.0011199999999998989,-0.0008299999999999974,-0.035319999999998686,-0.008879999999997779
0.0009700000000000264,-0.0007099999999999884,-0.017890000000001294,-0.039210000000004186
0.0,-0.0026700000000000057,0.13304000000000116,0.06454000000000093
0.0024600000000000177,0.006089999999999984,-0.12971000000000288,-0.001809999999998979
0.0021900000000000253,0.005410000000000026,-0.06266999999999712,0.07873000000000019
-0.0009000000000000119,-0.0029000000000000137,0.18672999999999718,0.04312999999999789
-0.0009799999999999809,-0.0019299999999999873,-0.07869999999999777,-0.16901999999999617
-0.0008799999999999919,-0.0017500000000000293,0.03119999999999834,-0.0032400000000052387
-0.0001300000000000745,-0.0020899999999999808,-0.02844999999999942,0.08713000000000193
-0.0025199999999999667,-0.0032200000000000006,0.15764000000000067,0.05044000000000182
-0.007229999999999959,0.021699999999999997,0.04335999999999984,-0.1529999999999987
-0.04109000000000007,0.20538999999999996,0.2127800000000022,0.4374699999999976
0.19473000000000007,0.19280000000000008,-0.08501000000000403,-0.03141000000000105
0.18103999999999998,0.26125999999999994,0.06759999999999877,-0.28634999999999877
-0.15415999999999996,-0.31848,-0.10329000000000121,0.12304999999999922
-0.04697000000000007,-0.11260000000000003,-0.03193999999999875,-0.07399999999999807
-0.09834999999999994,-0.21875999999999995,0.14405,0.04611999999999483
-0.037920000000000065,0.16796999999999995,-0.03152000000000044,-0.0026799999999980173
0.017220000000000013,-0.03212999999999999,-0.005269999999995889,-0.08624999999999972
0.004589999999999983,0.023859999999999992,-0.11822000000000088,0.08416000000000423
0.0,0.0,-0.04592999999999847,0.014309999999994716
-0.12052999999999997,-0.07062999999999997,0.18355999999999995,-0.20653999999999684
-0.12052000000000002,-0.07062999999999997,-0.11119000000000057,0.1994100000000003
0.0,0.0,-0.18346000000000373,0.04009999999999536
0.0,0.0,0.26982000000000284,0.08355000000000246
-0.34207,-0.42208,-0.05274000000000001,-0.12380999999999887
0.0,0.0,-0.0036600000000035493,-0.06483000000000061
0.0,0.0,-0.07389999999999475,-0.05489000000000033
0.0,0.0,0.022629999999999484,0.006079999999997199
0.0,0.0,0.0675899999999956,0.1580900000000014
0.17716,0.22408,-0.1425300000000007,-0.02056999999999931
0.17716,0.22409,0.04029000000000593,0.032330000000001746
0.11176999999999998,0.10222000000000003,0.07636999999999716,0.04198999999999842
0.0,0.0,0.11092000000000013,-0.0651499999999956
0.11177000000000004,0.10221999999999998,-0.08856000000000108,0.0191599999999994
0.0,0.0,0.062120000000000175,-0.020860000000006096
0.0,0.0,0.07896999999999821,0.04474000000000444
-0.57786,-0.65261,-0.0449299999999937,0.10956000000000188
0.16704,0.20053,0.07247999999999877,-0.045750000000005286
0.059359999999999996,0.0688,-0.023389999999999134,0.1024799999999999
0.11504000000000003,0.13563999999999998,-0.2075800000000001,-0.0746599999999944
0.12339999999999995,0.11434000000000005,0.1185999999999936,0.11855999999999511
0.0,0.0,-0.03947999999999752,-0.12346999999999753
0.12339000000000006,0.11434,0.019519999999999982,-0.0773500000000027
-0.02629999999999999,0.01906999999999992,0.20405999999999835,0.3125100000000032
-0.057499999999999996,-0.025540000000000007,0.03370000000000317,-0.046700000000001296
-0.06627000000000005,-0.01918999999999993,0.02920999999999907,-0.028820000000003176
0.0,0.0,-0.08120999999999867,-0.0868199999999959
0.10167000000000004,-0.03971000000000002,0.10810999999999638,0.18746999999999758
0.10166999999999993,-0.03971000000000002,-0.11775999999999698,-0.14612999999999943
0.0,0.0,0.04865000000000208,0.028860000000001662
0.0,0.0,0.04813000000000045,0.2748500000000007
-0.6415,-0.52857,0.12505999999999773,-0.23707999999999885
0.27751,0.34323,-0.03936999999999813,0.1265199999999993
0.0,0.0,0.020170000000000243,0.05536999999999637
0.27752000000000004,0.34323,-0.047910000000001673,0.1390000000000029
0.0,0.0,0.03506999999999749,-0.15467999999999904
-0.03591,0.04455000000000009,0.03858000000000317,0.13682999999999623
-0.03590000000000004,0.04454999999999998,0.0683000000000007,-0.13633999999999702
-0.08675,-0.16178000000000003,0.04970999999999748,0.14663000000000181
0.03408,0.06240000000000001,-0.121220000000001,-0.042070000000002494
0.005170000000000008,0.008480000000000043,0.05982000000000198,0.057200000000001694
-0.023280000000000023,-0.05349999999999999,0.07721000000000089,-0.12884000000000384
0.0,0.0,-0.10305999999999926,0.19254000000000104
-0.023289999999999977,-0.0535000000000001,0.18918000000000035,-0.12805999999999784
0.0,0.0,-0.09155000000000513,0.08756999999999948
0.0,0.0,0.10537000000000063,0.04388000000000147
-0.38915,-0.57766,0.05778000000000105,-0.045520000000003336
0.17076,0.21982,-0.03716999999999615,0.017830000000003565
0.07645000000000002,0.11357000000000003,0.028329999999996858,0.03819999999999624
0.13337999999999997,0.18685000000000002,-0.018129999999999313,-0.04072000000000031
-0.020089999999999997,-0.047670000000000046,-0.025730000000002917,0.05109999999999815
0.00026999999999999247,0.013809999999999989,0.17746999999999957,0.10529000000000366
0.000130000000000019,0.006910000000000027,0.15391000000000332,0.016860000000001207
0.002939999999999998,-0.01904,-0.16853000000000407,0.05265999999999593
0.0,0.0,0.07868000000000563,-0.13808999999999827
0.0,0.0,0.04936999999999614,-0.021340000000002135
0.0,0.0,0.07471999999999923,0.18706000000000245
-0.0041899999999999715,-0.01150000000000001,0.07328000000000401,0.10038999999999731
0.0,0.0,-0.047989999999998645,-0.10090999999999894
0.0,0.0,0.06110999999999933,-0.08903999999999712
-0.35965,-0.46275,0.07866999999999535,0.13922999999999774
0.0,0.0,0.05139000000000493,0.26561000000000234
0.54464,0.54246,-0.31025999999999954,0.867759999999997
0.54463,0.54245,0.10838999999999999,-0.1653699999999958
0.0,0.0,0.3759799999999984,-0.09970000000000567
0.0,0.0,-1.2455700000000007,-3.4288899999999956
-1.08927,-1.08491,0.0,-2.2238299999999995
0.0,0.0,0.0,-1.37303
0.0,0.0,0.0,0.0
0.0,0.0,0.0,0.0
0.0,0.0,0.0,0.0
0.0,0.0,0.0,0.0
0.0,0.0,0.0,0.0
0.0,0.0,0.0,0.0
0.0,0.0,0.0,0.0
0.0,0.0,0.0,0.0
0.0,0.0,0.0,0.0
0.0,0.0,0.0,0.0
0.0,0.0,-0.22223999999999933,6.01999
0.0,0.0,0.0,-0.12689000000000306
0.0,0.0,0.0,-0.10376999999999725
0.0,0.0,-0.17988000000000426,3.9557199999999995
0.0,0.0,-0.07884999999999565,-1.0163099999999972
0.0,0.0,-0.07379999999999853,0.6728299999999976
0.0,0.0,-0.022750000000002046,0.7015499999999975
0.0,0.0,0.05559000000000225,-1.3469399999999965
-0.07763,0.6396,-0.007650000000005264,0.5793399999999949
0.004490000000000008,0.35638000000000003,-0.1466299999999947,0.7147100000000037
0.041049999999999996,-0.14161,0.15386999999999773,-1.2115999999999971
0.05835,-0.23803999999999992,0.020939999999995962,0.3553699999999935
0.047080000000000004,-0.13293000000000005,-0.01847999999999672,0.6980600000000052
-0.002610000000000001,0.056900000000000006,-0.0974599999999981,-1.2187900000000056
0.020099999999999993,-0.13179000000000002,-0.035290000000003374,0.5656600000000012
0.020960000000000006,-0.11252999999999996,-0.031999999999996476,0.2813300000000041
0.012219999999999995,-0.07508000000000001,0.049459999999996285,-0.5538799999999995
-0.05700999999999999,0.17316,0.14688999999999908,0.13582999999999856
0.02005,-0.06311,-0.16647999999999996,0.351779999999998
0.012029999999999999,-0.037870000000000015,0.027309999999999945,-0.4803500000000014
0.0031199999999999978,-0.022560000000000024,-0.08046999999999827,0.18819000000000585
0.0,0.0,-0.2396799999999999,-0.15348000000000184
0.0,0.0,-0.14010999999999996,-0.6274100000000047
0.0,0.0,-0.9721499999999992,-0.5259699999999938
-0.001920000000000005,-0.005099999999999993,0.12633000000000294,0.10777999999999821
0.0,0.0,-0.024170000000005132,-0.08861000000000274
0.0,0.0,-0.021920000000001494,-0.06794999999999618
-0.10028,-0.26542,0.13692000000000348,-0.013989999999999725
0.0,0.0,-0.05548000000000286,0.0912399999999991
0.02134,0.49451,0.06736000000000075,-0.13470000000000226
0.018359999999999998,0.50385,-0.09391999999999712,0.06703999999999866
-0.0014899999999999983,0.004670000000000063,0.03961999999999932,-0.15482000000000085
0.0,0.0,0.007860000000000866,0.07660000000000622
-0.010020000000000001,0.018629999999999924,-0.038220000000002585,-0.14839000000000624
-0.0050100000000000006,0.00930999999999993,0.04333000000000453,0.12282000000000437
-0.005759999999999998,0.0033600000000000296,0.07969999999999544,0.0863599999999991
0.003979999999999997,-0.0045800000000000285,-0.1423899999999989,0.21585999999999927
0.0028400000000000022,-0.003269999999999884,0.02651000000000181,-0.0989799999999974
0.005249999999999998,-0.006260000000000154,0.04023999999999717,-0.16871000000000436
0.00023000000000000104,-0.0009500000000000064,0.08440000000000225,0.26783999999999963
0.0001899999999999992,-0.0007699999999999374,-0.10412000000000177,-0.2831499999999991
0.0,0.0,0.0382499999999979,0.09045000000000414
0.0020900000000000016,-0.0031600000000000517,0.03991000000000611,0.3431499999999943
0.0017300000000000024,-0.0026399999999999757,-0.044240000000002055,-0.23888999999999783
0.0,0.0,0.2552299999999974,-0.2724100000000007
0.0,0.0,-0.19925999999999533,0.6306900000000013
0.0,0.0,-0.016760000000004993,-0.4162099999999995
-0.0005400000000000058,0.0013100000000001444,0.13060000000000116,0.5033799999999999
0.0,0.0,0.010719999999999175,-0.2133800000000008
0.0,0.0,-0.17746999999999957,-0.20020999999999844
-0.03319,-1.01401,0.10329000000000121,-0.21170000000000044
0.0,0.0,0.11894000000000204,0.212530000000001
0.0,0.0,-0.07943000000000211,0.23393000000000086
0.12959,0.13227,0.6029899999999984,0.1941500000000005
0.03458,-0.013329999999999995,0.17005999999999943,4.580999999999996
0.011529999999999985,-0.0044500000000000095,-0.0030099999999961824,1.5496200000000044
0.06790000000000002,-0.011149999999999993,0.674749999999996,-1.4805800000000033
0.06706999999999999,0.0059000000000000025,-0.28873000000000104,-0.053870000000003415
0.02150000000000002,9.999999999996123e-06,0.671440000000004,-1.6236899999999963
0.044289999999999996,0.0029499999999999943,0.183329999999998,-5.670700000000004
0.07200999999999996,0.03236,-2.6045099999999977,1.0458400000000054
0.02352000000000004,0.009000000000000008,-0.481659999999998,-0.2541100000000043
0.047760000000000025,0.020689999999999986,0.0,-5.601919999999996
0.0,0.0,0.0,-0.48637000000000086
0.0,0.0,0.0,1.0796600000000005
-0.51975,-0.17425,0.0,3.858229999999999
0.0,0.0,0.0,1.480089999999997
0.0,0.0,0.0,0.7284400000000062
0.0,0.0,0.0,0.37437999999999505
0.0,0.0,0.0,-0.8461599999999976
0.0,0.0,0.0,0.7830799999999982
0.0,0.0,0.0,0.07437999999999789
0.0,0.0,0.0,-0.7192499999999953
0.0,0.0,3.9649199999999993,-1.3154700000000048
0.44602,0.44842,0.45904999999999774,0.3738000000000028
0.020759999999999945,0.01433000000000001,-0.29561999999999955,0.04655000000000342
0.006920000000000037,0.0047800000000000065,-0.1338399999999993,-0.16294000000000608
0.0,0.0,0.6451799999999963,0.07128000000000156
0.0,0.0,-0.3414599999999979,0.17730000000000246
0.0,0.0,-0.5520100000000028,-0.3329400000000007
0.013849999999999973,0.009560000000000013,0.8889500000000012,0.02407999999999788
0.0,0.0,-0.10723000000000127,0.40301000000000187
0.0,0.0,-1.0240499999999955,-0.3079099999999997
0.06094000000000005,0.14152999999999993,1.1547899999999984,0.1525699999999972
0.0,0.0,0.09967000000000326,0.15183999999999997
0.0,0.0,-0.6839300000000037,-0.26341000000000037
-0.54849,-0.61862,0.6671499999999995,0.009120000000002904
0.0,0.0,0.035240000000001714,0.035849999999996385
0.0,0.0,-0.466549999999998,-0.02488999999999919
0.0,0.0,0.5743399999999994,-0.043909999999996785
0.0,0.0,0.025329999999996744,0.0650800000000018
0.0,0.0,-0.6241199999999978,0.0957299999999961
0.0,0.0,0.6450699999999969,0.009669999999999845
0.0,0.0,-0.16026999999999703,-0.10350999999999999
0.0,0.0,-0.6426599999999993,0.14245000000000374
0.0,0.0,0.5434300000000007,-0.19212000000000273
0.0,0.0,0.2658399999999972,0.2596899999999991
0.0,0.0,-1.0706399999999974,0.12830000000000297
0.0,0.0,0.7912299999999988,-0.19463000000000363
0.0,0.0,0.23959999999999582,-0.09373999999999683
0.0,0.0,-0.8059099999999972,0.1697500000000005
0.32103,0.49556,0.4832800000000006,-0.044350000000001444
0.005819999999999992,-0.006170000000000009,0.09497000000000355,-0.05360999999999905
0.0019400000000000528,-0.0020600000000000063,-0.4007300000000029,0.01892000000000138
0.0,0.0,0.3016500000000022,-0.06262000000000256
0.11697999999999997,0.019459999999999977,0.2839699999999965,0.013739999999998531
0.11309999999999998,0.02359,-0.7948799999999991,-0.007739999999998304
0.00927,-0.05925999999999998,0.5844200000000015,-0.20051999999999737
0.06118000000000001,-0.017829999999999957,0.3306399999999954,0.10634999999999906
0.0,0.0,-0.4651399999999981,0.013219999999996901
-0.08606999999999998,0.13458999999999993,-0.33030000000000115,0.04464000000000112
-0.017689999999999984,-0.016490000000000005,0.0624299999999991,-0.01180000000000092
0.03418999999999994,-0.07553999999999994,-0.27207999999999544,0.060659999999998604
0.01324000000000003,-0.03855000000000003,0.25619999999999976,-0.026159999999997297
0.01870000000000005,-0.06949,5.000000000165983e-05,0.134050000000002
-0.00501000000000007,-0.012429999999999997,-0.001340000000006114,-0.0448599999999999
-0.007469999999999977,-0.019210000000000005,-0.10193999999999903,0.14958000000000027
-0.005820000000000047,-0.005170000000000008,0.11993999999999971,0.07477000000000089
-0.003489999999999993,-0.0030999999999999917,-0.14551999999999765,-0.15097000000000094
-0.013869999999999938,0.02079000000000003,0.027079999999997995,0.1669999999999945
-0.01429999999999998,-0.0032600000000000406,-0.053879999999999484,0.37904999999999944
-0.010720000000000063,-0.0024399999999999977,-0.2912899999999965,0.2941600000000051
-0.01252999999999993,-0.009979999999999989,0.3778199999999998,-0.1833999999999989
0.0,0.0,-0.026139999999998054,0.6663599999999974
0.0,0.0,-0.10692000000000235,-0.5176500000000033
0.0,0.0,0.0704199999999986,1.452920000000006
-0.009150000000000102,-0.004349999999999965,0.021520000000002426,-4.436720000000001
0.0,0.0,-0.1169399999999996,-0.2367800000000031
0.0,0.0,0.0,3.606480000000005
-0.50933,-0.34866,0.0,-0.1526100000000028
0.0,0.0,0.0,-0.07207000000000363
0.0,0.0,0.0,0.16918000000000433
0.0,0.0,0.0,-0.033329999999999416
0.0,0.0,0.0,-0.14814000000000505
0.0,0.0,0.0,0.3179800000000057
0.0,0.0,0.0,-0.1431400000000025
0.0,0.0,0.0,-0.046810000000000684
0.0,0.0,0.0,0.06953000000000031
0.0,0.0,0.0,-0.0744499999999988
0.0,0.0,0.0,-0.07625999999999777
0.0,0.0,0.0,0.2086699999999979
0.0,0.0,0.0,0.1377299999999977
0.0,0.0,0.0,-0.16436999999999813
0.0,0.0,0.0,0.14551999999999765
0.0,0.0,0.0,-0.06953000000000031
0.0,0.0,0.0,-0.0519999999999996
0.0,0.0,0.0,0.12680999999999898
0.0,0.0,0.0,-0.09373999999999683
0.0,0.0,0.0,0.004229999999999734
0.0,0.0,0.0,0.13799000000000206
0.0,0.0,0.0,0.06548999999999694
0.0,0.0,0.0,-0.11655999999999977
0.0,0.0,0.0,0.01033999999999935
0.0,0.0,0.0,0.015480000000003713
0.0,0.0,0.0,-0.06981000000000392
0.0,0.0,0.0,0.030219999999999914
0.0,0.0,0.0,0.0038200000000045975
0.0,0.0,0.0,0.0694999999999979
0.0,0.0,0.0,-0.1584100000000035
0.0,0.0,0.0,0.040780000000005145
0.0,0.0,0.0,0.20783999999999736
0.38533,0.00556,0.0,-0.226460000000003
0.38330000000000003,0.00636,0.0,-0.0465899999999948
-0.0010200000000000209,0.0003899999999999997,0.0,0.4054299999999955
-0.011280000000000068,-0.00639,0.0,0.25419000000000125
-0.021889999999999965,0.0023599999999999993,0.0,0.2669600000000045
-0.01313999999999993,0.0014100000000000015,0.0,0.27755999999999403
-0.022420000000000107,0.010589999999999999,0.0,4.931690000000003
-0.0252,0.010190000000000001,0.0,-1.3769199999999984
-0.018909999999999982,0.0076399999999999975,0.0,-1.6135500000000036
-0.02116999999999991,0.009920000000000005,0.0,-0.7796599999999998
-0.021280000000000077,0.010929999999999995,0.0,0.39990000000000236
-0.017409999999999926,0.008940000000000003,0.0,-1.0582800000000034
-0.020640000000000103,0.007859999999999992,0.0,2.1438400000000044
-0.019389999999999907,0.007110000000000005,0.0,-0.4814500000000024
-0.05484,0.018860000000000002,0.0,0.09416000000000224
-0.12510000000000004,0.04756999999999999,0.0,0.1312599999999975
-0.04809000000000002,0.02001,0.0,0.8089799999999983
-0.08978999999999998,0.03586,0.0,-0.10634999999999906
-0.05925,-0.03362999999999999,0.0,3.067160000000001
-0.02434,-0.0009899999999999909,0.0,-0.49376000000000175
-0.044079999999999994,-0.012209999999999999,0.0,-7.331539999999997
0.007629999999999998,0.02479999999999999,0.0,0.4542500000000018
0.0054600000000000065,0.0012000000000000066,0.0,7.483649999999997
0.0027399999999999924,0.0005999999999999894,0.0,-7.658369999999998
0.0022199999999999998,-0.001459999999999989,0.0,-0.23985000000000412
-0.00010999999999999899,-0.0005400000000000127,0.0,6.974640000000001
-7.999999999999674e-05,-0.00037999999999999146,0.0,-1.8642800000000008
0.0421,-0.005780000000000007,-0.0021800000000027353,-3.1611899999999977
0.03308,-0.005069999999999991,6.966659999999997,0.9402100000000004
0.02645,-0.004060000000000008,-36.616049999999994,0.4740899999999968
0.01407,0.0015000000000000013,29.7869,-0.09102999999999639
0.01097999999999999,-0.00042999999999998595,7.302880000000002,-0.2607199999999992
0.00930000000000003,-0.0003599999999999992,-1.2908100000000005,-0.8011300000000006
0.0,0.0,-5.858440000000002,1.8818399999999968
-0.0016200000000000103,0.004750000000000004,5.71293,-0.9639200000000017
0.033030000000000004,0.002339999999999981,-5.693860000000001,-0.17477999999999838
-0.015070000000000028,0.040720000000000006,-0.1623299999999972,1.1036800000000042
-0.01422000000000001,0.011569999999999997,3.746699999999997,-0.5330700000000022
-0.00711999999999996,0.005780000000000007,-4.029709999999994,1.461979999999997
0.0,0.0,0.2406299999999959,-1.2937299999999965
0.0,0.0,0.272510000000004,-1.4611799999999988
0.0,0.0,-0.4446700000000021,0.9350499999999968
-0.012130000000000002,0.01935999999999999,0.19373999999999825,-0.9620299999999986
0.0,0.0,0.04590000000000316,-0.4251199999999997
0.0,0.0,-0.8080800000000039,0.645150000000001
-0.2461,-0.25288,0.28502000000000294,-0.23141999999999996
0.0,0.0,0.4912300000000016,-0.08248999999999995
0.0,0.0,-0.07153000000000276,1.2136099999999956
0.0,0.0,-0.08599000000000245,-0.8165599999999955
0.0,0.0,-0.20498999999999512,-0.8297999999999988
0.0,0.0,-0.034940000000005966,1.4457999999999984
0.0,0.0,-0.27839999999999776,-1.5070200000000042
0.0,0.0,-0.42468000000000217,-0.22179999999999467
0.0,0.0,0.08907000000000664,1.2890899999999945
0.0,0.0,-0.7846500000000063,-2.563289999999995
0.0,0.0,-0.9147999999999996,1.4692799999999977
0.0,0.0,0.18449000000000382,0.06846999999999781
0.0,0.0,-0.13130999999999915,0.10696000000000083
0.0,0.0,-0.18330999999999875,-1.1962899999999976
0.0,0.0,-0.022550000000002512,0.41188999999999965
0.0,0.0,-0.2580900000000028,1.1248700000000014
0.0,0.0,-0.08597999999999928,-2.0018300000000053
0.0,0.0,0.009779999999999234,1.187110000000004
0.0,0.0,-0.011440000000000339,-0.7547500000000014
0.0,0.0,-0.04938999999999538,-0.37044999999999817
0.0,0.0,-0.041499999999999204,1.234490000000001
0.0,0.0,-0.10957000000000505,0.5951599999999999
0.0,0.0,-0.3890299999999982,0.041389999999999816
0.0,0.0,0.11238999999999777,0.7526599999999988
0.0,0.0,-0.04213000000000022,-1.3267600000000002
0.0,0.0,-0.34828999999999866,0.6421399999999977
0.0,0.0,0.19368000000000052,0.6234099999999998
0.0,0.0,0.18334000000000117,-0.9709000000000003
0.0,0.0,-0.10394000000000148,0.49842999999999904
0.0,0.0,-0.09803999999999746,0.6139600000000058
0.0,0.0,0.28370999999999924,-0.3792700000000053
0.0,0.0,-0.07840000000000202,0.11301000000000272
0.0,0.0,-0.0339699999999965,0.44472999999999985
0.0,0.0,0.30518,-0.4239299999999986
0.0,0.0,0.1490000000000009,0.6238600000000005
0.0,0.0,-0.3659200000000027,-1.0716600000000014
0.0,0.0,0.5170400000000015,0.5664900000000017
0.0,0.0,-0.025840000000002306,-0.3605700000000027
0.0,0.0,-0.13689999999999714,0.2904100000000014
0.0,0.0,0.3688399999999987,-0.011240000000000805
0.0,0.0,0.40842999999999563,0.8929899999999975
0.0,0.0,-0.45214,-1.3682599999999994
0.0,0.0,-0.03839999999999577,0.9088800000000035
0.0,0.0,0.5737400000000008,0.7441499999999976
0.0,0.0,-0.3188900000000032,-1.005829999999996
0.0,0.0,-0.009099999999996555,0.8594299999999961
0.0,0.0,0.21267999999999887,0.8402299999999983
0.0,0.0,-0.13009999999999877,-0.8102599999999995
0.0,0.0,0.3634799999999956,0.09246999999999872
0.0,0.0,-0.14483999999999497,0.8116600000000034
0.0,0.0,-0.5050500000000042,-0.7480699999999985
0.0,0.0,0.2984300000000033,0.2564399999999978
0.0,0.0,0.10138999999999498,0.18455000000000155
0.0,0.0,-0.4856899999999982,-0.7043600000000012
0.0,0.0,0.3838700000000017,-0.05449000000000126
0.0,0.0,0.1576299999999975,1.2655700000000039
0.0,0.0,-0.3442699999999945,-0.954970000000003
0.0,0.0,0.6014599999999959,0.19868999999999915
0.0,0.0,-0.23147000000000162,0.7867299999999986
0.0,0.0,0.23973000000000155,-1.0185199999999952
0.0,0.0,-4.456419999999998,0.6554499999999948
0.0,0.0,0.0,0.5493700000000032
0.0,0.0,0.0,-1.251269999999998
0.0,0.0,0.0,0.18393999999999977
0.0,0.0,0.0,0.6431499999999986
0.0,0.0,0.0,-0.16347999999999985
0.0,0.0,0.0,0.022860000000001435
0.0,0.0,0.0,0.6875499999999946
0.0,0.0,0.0,-1.1379999999999981
0.0,0.0,0.0,0.027100000000004343
0.0,0.0,0.0,0.6799800000000005
0.0,0.0,0.0,-0.3320500000000024
0.0,0.0,0.0,0.12295999999999907
0.0,0.0,0.0,0.34620000000000317
0.0,0.0,0.0,-0.9796500000000066
0.0,0.0,0.0,0.5124800000000036
0.0,0.0,0.0,0.4990499999999969
0.0,0.0,0.0,-1.2739699999999985
0.0,0.0,0.0,0.7055500000000023
0.0,0.0,0.0,0.4905199999999965
0.0,0.0,0.0,-1.2324899999999985
0.0,0.0,0.0,0.5736300000000014
0.0,0.0,0.0,0.6612000000000009
0.0,0.0,0.0,-0.6470800000000025
0.0,0.0,0.0,0.12709999999999866
0.0,0.0,0.0,0.4485000000000028
0.0,0.0,0.0,-0.4829900000000009
0.0,0.0,0.0,0.025109999999997967
0.0,0.0,0.0,0.6694500000000048
0.0,0.0,0.0,-0.09065000000000367
0.0,0.0,0.0,-0.18422999999999945
0.0,0.0,0.0,0.38434999999999775
0.0,0.0,0.0,0.13457000000000363
0.0,0.0,0.0,-0.6261900000000011
0.0,0.0,0.0,0.2623800000000003
0.0,0.0,0.0,-0.19599000000000188
0.0,0.0,0.0,-0.16188999999999965
0.0,0.0,0.0,0.3565400000000025
0.0,0.0,0.0,0.03520000000000323
0.0,0.0,0.0,0.07546999999999571
0.0,0.0,0.0,0.3772599999999997
0.0,0.0,0.0,-0.4986299999999986
0.0,0.0,0.0,0.03676999999999708
0.0,0.0,0.0,0.3777900000000045
0.0,0.0,0.0,0.10065999999999775
0.0,0.0,0.0,-0.20194999999999652
0.0,0.0,0.0,-0.08815000000000595
0.0,0.0,0.0,0.07849000000000217
0.0,0.0,0.0,0.36240000000000094
0.0,0.0,0.0,-0.029879999999998574
0.0,0.0,0.0,-0.11187999999999931
0.0,0.0,0.0,-0.247240000000005
0.0,0.0,0.0,0.1651200000000017
0.0,0.0,0.0,0.056100000000000705
0.0,0.0,0.0,-0.17195999999999856
0.0,0.0,0.0,-0.0012000000000043087
0.0,0.0,0.0,0.34087000000000245
0.0,0.0,0.0,-0.34223999999999677
0.0,0.0,0.0,0.12914999999999566
0.0,0.0,0.0,0.06629000000000218
0.0,0.0,0.0,0.11383999999999617
0.0,0.0,0.0,-0.09164999999999424
0.0,0.0,0.0,0.4933199999999971
0.0,0.0,0.0,-0.1795800000000014
0.0,0.0,0.0,0.11306000000000438
0.0,0.0,0.0,-0.09266000000000219
0.0,0.0,0.0,-0.05039000000000016
0.0,0.0,0.0,-0.003830000000000666
0.0,0.0,0.0,0.07688000000000272
0.72313,0.51224,0.0,-0.08705000000000496
0.0,0.0,0.0,0.1952800000000039
0.0,0.0,0.0,-0.4175600000000017
-0.72313,-0.51224,0.0,0.1000399999999999
0.0,0.0,0.0,0.08321000000000112
0.0,0.0,0.0,0.05416999999999916
0.0,0.0,0.0,-0.1636699999999962
0.0,0.0,0.0,0.25195999999999685
0.0,0.0,0.0,-0.08780000000000143
0.0,0.0,0.0,-0.15343000000000018
0.36224,0.22675,0.0,-0.008600000000001273
0.12074999999999997,0.07557999999999998,0.0,0.011130000000001417
0.24879,0.19118000000000002,0.0,0.07506000000000057
0.0,0.0,0.0,-0.0008100000000013097
0.0,0.0,0.0,-0.049169999999996605
-0.73178,-0.49351,0.0,-0.21347000000000094
0.0,0.0,0.0,0.14170999999999623
0.0,0.0,0.0,0.018060000000005516
0.0,0.0,0.0,-0.06860000000000355
0.0,0.0,0.0,0.08337000000000216
0.0,0.0,0.0,0.10580000000000211
0.0,0.0,0.0,-0.0703500000000048
0.0,0.0,0.0,-0.0905699999999996
0.0,0.0,0.0,0.1567100000000039
0.0,0.0,0.0,0.15146999999999622
0.0,0.0,0.0,-0.0903899999999993
0.0,0.0,0.0,0.20022000000000162
0.0,0.0,0.0,0.08509999999999707
0.0,0.0,0.0,0.515190000000004
0.0,0.0,0.0,-0.538730000000001
0.0,0.0,0.0,0.5261700000000005
0.0,0.0,0.0,-0.3335000000000008
0.0,0.0,0.0,-0.4057200000000023
0.0,0.0,0.0,0.27143999999999835
0.0,0.0,0.0,-0.2458999999999989
0.0,0.0,0.0,0.014670000000002403
0.04677,0.21695,0.0,0.26836000000000126
0.010279999999999997,-0.025169999999999998,0.0,6.107340000000001
0.0034300000000000025,-0.008379999999999999,0.0,0.4290099999999981
0.0,0.0,0.0,-1.6182599999999994
0.0,0.0,0.0,1.688679999999998
0.0,0.0,0.0,0.29961000000000126
0.011699999999999995,0.006949999999999984,0.0,-1.508020000000002
0.004280000000000006,0.0008700000000000097,0.0,0.9910800000000037
0.0028500000000000053,0.0005799999999999972,0.0,0.4254099999999994
0.0012899999999999995,0.001579999999999998,0.0,-1.4854800000000026
-0.0013200000000000017,-0.0011099999999999999,0.0,1.9948300000000003
-0.0010399999999999993,-0.0008599999999999997,0.0,0.007669999999997401
0.0,0.0,0.0,-0.7917899999999989
0.0,0.0,0.0,0.750550000000004
0.0,0.0,0.0,0.2130599999999987
0.003939999999999999,-0.0031899999999999984,0.0,-0.5985000000000014
0.008879999999999999,0.005060000000000009,0.0,-1.736939999999997
0.0029600000000000043,0.001679999999999987,0.0,-0.5660099999999986
0.0,0.0,0.0,2.3167799999999943
0.0,0.0,0.0,0.04229000000000127
0.0,0.0,0.0,-0.5482599999999991
0.005919999999999995,0.003379999999999994,0.0,0.7049299999999974
0.0,0.0,0.0,0.1609900000000053
0.0,0.0,0.0,-0.15333000000000396
-0.09994,-0.19834,0.0,-0.1676999999999964
0.0,0.0,0.0,-0.34047999999999945
0.0,0.0,0.0,-0.374290000000002
0.0,0.0,0.0,0.4555700000000016
0.0,0.0,0.0,-1.3956500000000034
0.0,0.0,0.0,0.3347699999999989
0.0,0.0,0.0,0.6943900000000056
0.0,0.0,0.0,-0.11557000000000528
0.0,0.0,0.0,0.593270000000004
0.0,0.0,0.0,0.5458399999999983
0.0,0.0,0.0,-0.1563599999999994
0.0,0.0,0.0,-0.5542999999999978
0.0,0.0,0.0,0.9975099999999983
0.0,0.0,0.0,-1.33352
0.0,0.0,0.0,0.3410000000000011
0.0,0.0,0.0,0.268269999999994
0.0,0.0,0.0,-1.2456999999999994
0.0,0.0,0.0,0.25228000000000605
0.07837,0.19172,0.0,0.6206099999999992
-0.0030999999999999917,-0.010020000000000001,0.0,0.7255599999999944
-0.0010300000000000031,-0.0033400000000000096,0.0,0.829730000000005
0.0,0.0,0.0,-3.1133200000000016
0.010830000000000006,0.02374000000000001,0.0,2.327530000000003
0.006499999999999992,0.014249999999999985,0.0,-1.1934400000000025
0.0001799999999999996,0.012900000000000023,0.0,0.2414799999999957
0.0008299999999999974,0.008279999999999982,0.0,0.5634300000000039
0.0006300000000000056,0.006210000000000021,0.0,-2.7043099999999995
0.0002299999999999941,0.005149999999999988,0.0,2.74709
0.0010000000000000009,0.004290000000000016,0.0,-0.3186600000000013
0.0008200000000000013,0.003500000000000003,0.0,-1.85492
0.000789999999999999,0.0031999999999999806,0.0,2.018430000000002
0.00021000000000000185,0.0015499999999999958,0.0,-0.9410300000000049
0.00018999999999999573,0.0013299999999999979,0.0,-2.316119999999998
0.0005400000000000127,0.0014299999999999868,0.0,4.213979999999999
0.0002899999999999986,0.0008900000000000019,0.0,-1.5768899999999988
0.00026999999999999247,0.0007900000000000129,0.0,-1.69482
2.0000000000006124e-05,0.0015899999999999803,0.0,2.62594
0.0005000000000000004,0.0013400000000000079,0.0,-0.8405300000000011
0.00043999999999999595,0.0012000000000000344,0.0,-0.7837299999999985
0.0005499999999999949,0.0009299999999999864,0.0,2.430970000000002
0.0001799999999999996,0.0010799999999999699,0.0,-0.4290599999999998
0.00016000000000000736,0.0009800000000000364,0.0,-2.290700000000001
0.00018999999999999573,0.0009399999999999964,0.0,2.2608099999999993
0.0004600000000000021,0.0009799999999999809,0.0,0.31721999999999895
0.0004299999999999998,0.0009000000000000119,0.0,-3.249380000000002
-9.999999999996123e-06,0.00040000000000001146,0.0,2.3126800000000003
0.00019999999999999185,0.0005999999999999894,0.0,1.6090599999999995
0.0001900000000000096,0.0005700000000000149,0.0,-3.2272299999999987
0.00019999999999999185,0.0005899999999999794,0.0,1.2336500000000044
-9.999999999996123e-06,0.00025999999999998247,0.0,0.6946399999999997
0.0,0.000250000000000028,0.0,-2.223400000000005
0.00032000000000000084,0.0005200000000000204,0.0,2.3293800000000005
-6.0000000000004494e-05,0.0006699999999999484,0.0,-0.49301999999999424
-4.999999999999449e-05,0.0006300000000000194,0.0,-1.6403600000000012
7.000000000000062e-05,0.00041000000000002146,0.0,2.054409999999997
0.00032000000000000084,0.00021999999999999797,0.0,-0.2393199999999993
0.0002999999999999947,0.00020999999999998797,0.0,-2.247720000000001
0.0001300000000000051,0.00041999999999997595,0.0,2.2239100000000036
0.0003599999999999992,0.0005000000000000004,0.0,0.7798099999999977
0.0003399999999999931,0.00048000000000003595,0.0,-3.566670000000002
3.0000000000002247e-05,0.00015999999999999348,0.0,2.7181399999999982
0.00021000000000000185,0.00035000000000001696,0.0,-0.4380699999999962
0.00021000000000000185,0.00032999999999999696,0.0,-1.53266
1.9999999999992246e-05,0.00047999999999998044,0.0,2.508200000000002
6.0000000000004494e-05,0.0006800000000000139,0.0,-2.474160000000005
6.0000000000004494e-05,0.0006499999999999839,0.0,-0.704740000000001
0.0008699999999999958,0.0013900000000000023,0.0,0.972290000000001
0.0013200000000000017,0.0033500000000000196,0.0,-0.8149599999999992
0.001449999999999993,0.0037599999999999856,0.0,-0.1771400000000014
0.001580000000000012,0.0036499999999999866,0.0,0.6344500000000011
0.01505999999999999,0.02532000000000001,0.0,0.12680999999999898
0.011370000000000005,0.012160000000000004,0.0,-1.1692999999999998
0.003030000000000005,0.0042099999999999915,0.0,0.9057400000000015
0.005209999999999992,0.00656000000000001,0.0,-0.46061000000000263
0.003129999999999994,0.003929999999999989,0.0,0.31157000000000323
0.00039000000000000146,0.002929999999999988,0.0,0.11133999999999844
0.0005600000000000049,-0.0012099999999999889,0.0,-0.5611699999999971
0.0004200000000000037,-0.0009100000000000219,0.0,0.1094099999999969
0.00018999999999999573,-0.0011499999999999844,0.0,1.1984800000000035
-7.999999999999674e-05,0.0007000000000000339,0.0,-1.2413099999999986
-7.999999999999674e-05,0.0005799999999999694,0.0,-0.29682000000000386
-0.0004900000000000182,-1.0000000000010001e-05,0.0,-0.11807999999999907
0.0010700000000000154,0.0017900000000000138,0.0,1.4130400000000023
0.0009200000000000041,0.0015399999999999858,0.0,-0.6702800000000053
0.00021999999999999797,0.00030000000000002247,0.0,-0.6557299999999984
-0.0005000000000000004,0.00014999999999998348,0.0,1.393259999999998
-0.0004300000000000137,0.000140000000000029,0.0,-0.8718299999999957
0.0004200000000000037,-8.00000000000245e-05,0.0,-0.03486999999999796
-0.00028000000000000247,-8.999999999997899e-05,0.0,0.14654999999999774
-0.00025999999999998247,-8.00000000000245e-05,0.0,-0.4286200000000022
0.0004899999999999904,0.00034000000000000696,0.0,0.7225499999999982
0.0004699999999999982,0.00019999999999997797,0.0,-1.1056599999999932
0.0004200000000000037,0.00018000000000001348,0.0,0.649409999999996
0.0006799999999999862,0.0005200000000000204,0.0,0.32068000000000296
0.0005100000000000104,0.00035000000000001696,0.0,-0.05016000000000531
0.0004699999999999982,0.00031999999999998696,0.0,-0.3159700000000001
0.0009000000000000119,0.00043999999999999595,0.0,0.48526999999999987
0.0007899999999999852,0.0011399999999999744,0.0,0.03488000000000113
0.0007300000000000084,0.0010600000000000054,0.0,-0.4840299999999971
0.0,0.0,0.0,0.10815000000000197
0.0,0.0,0.0,0.13466999999999985
0.0,0.0,0.0,-0.33971000000000373
0.007560000000000011,0.006099999999999994,0.0,-0.6181800000000024
0.0,0.0,0.0,0.6809200000000004
0.0,0.0,0.0,-0.32810999999999524
-0.16148,-0.36477,0.0,0.8838799999999978
0.0,0.0,0.0,-1.07085
0.0,0.0,0.0,-0.4093299999999971
0.0,0.0,0.0,0.866029999999995
0.0,0.0,0.0,0.31189000000000533
0.0,0.0,0.0,-0.7895500000000055
0.0,0.0,0.0,0.6114400000000018
0.0,0.0,0.0,-0.41776000000000124
0.0,0.0,0.0,-0.10718999999999568
0.0,0.0,0.0,-0.09089000000000169
0.08704,0.19354,0.0,0.25807999999999964
0.02901999999999999,0.06452000000000002,0.0,-0.12064000000000163
0.05803,0.12902999999999998,0.0,0.2378
-9.999999999998899e-05,0.004300000000000026,0.0,0.19440000000000168
-3.0000000000002247e-05,0.0014399999999999968,0.0,-0.4012600000000006
0.0016200000000000103,-0.0023799999999999932,0.0,-0.10992000000000246
0.0,0.0,0.0,0.6036200000000065
0.0,0.0,0.0,-0.16896000000000555
-0.47545000000000004,-0.38620000000000004,0.0,-0.5414600000000007
-1.15038,-0.85707,0.0,-0.5588899999999981
-0.68418,-0.44057,0.0,0.4533100000000019
-1.10074,-0.7330399999999999,0.0,0.6123899999999978
-0.15250999999999992,-0.06278000000000006,0.0,-1.0226399999999956
-0.050839999999999996,-0.020929999999999893,0.0,-0.05957000000000079
-0.0891700000000002,-0.07333999999999996,0.0,1.539919999999995
0.0,0.0,0.0,-1.4025899999999965
0.0,0.0,0.0,0.02109000000000094
-0.008069999999999578,-0.008300000000000196,0.0,0.4880099999999956
0.019769999999999843,0.00810999999999984,0.0,0.4936000000000007
0.009879999999999889,0.004060000000000397,0.0,-0.20279000000000025
0.00727000000000011,0.048889999999999656,0.0,-0.04601999999999862
0.004849999999999799,0.03259000000000034,0.0,-0.24962000000000018
0.0023900000000001143,0.04361999999999977,0.0,-1.393659999999997
0.019830000000000236,0.06813000000000002,0.0,0.34068999999999505
0.04142000000000001,0.13986999999999994,0.0,-0.3799500000000009
-0.017440000000000122,-0.0017899999999999583,0.0,0.12062000000000239
0.014979999999999993,0.06276999999999999,0.0,0.6352000000000046
0.002990000000000048,-0.006279999999999841,0.0,-0.4030300000000011
0.025419999999999998,0.018819999999999837,0.0,-0.03486000000000189
0.01786999999999983,-0.014780000000000015,0.0,-0.15720000000000312
0.010730000000000128,-0.008879999999999999,0.0,0.2844400000000036
-0.0020700000000002383,-0.01187999999999989,0.0,-0.11896000000000129
0.00835000000000008,-0.0018199999999999328,0.0,0.2690600000000032
0.006260000000000154,-0.0013600000000000279,0.0,0.11754999999999427
0.009989999999999721,0.003069999999999906,0.0,-0.2228899999999996
0.006210000000000271,0.006520000000000081,0.0,-0.29394999999999527
0.005079999999999973,0.0053399999999999,0.0,0.14421999999999713
-0.0037000000000002586,-0.004629999999999912,0.0,0.23969000000000307
0.001620000000000399,-0.0022400000000000198,0.0,0.04608999999999952
0.0013899999999997803,-0.0019100000000000783,0.0,0.15213999999999572
-0.0012400000000001299,-0.00048000000000003595,0.0,-0.06874999999999432
0.00270999999999999,-0.0012799999999999478,0.0,0.24111999999999512
0.0024000000000001798,-0.0011299999999998533,0.0,-0.22569000000000017
0.0049800000000002065,-0.0021300000000001873,0.0,0.14827999999999975
0.003869999999999596,-0.0008500000000000174,0.0,-0.2892999999999972
0.0035000000000002807,-0.0007699999999999374,0.0,-0.29174000000000433
0.002489999999999881,-0.0022999999999999687,0.0,0.5401700000000034
0.0011900000000002464,-0.0024100000000000232,0.0,-0.3460200000000029
0.019709999999999894,-0.022659999999999902,0.0,0.0759700000000052
0.037129999999999885,0.011889999999999956,0.0,-0.0026700000000019486
-0.015070000000000139,-0.045009999999999994,0.0,-0.2519399999999976
-0.007530000000000037,-0.022499999999999964,0.0,0.11499999999999488
-0.05448999999999993,-0.20614,0.0,0.6640900000000016
-0.16148000000000007,-0.5582099999999999,0.0,-0.1941500000000005
-0.053830000000000044,-0.1860700000000004,0.0,0.19335999999999842
-0.3380599999999996,-0.45741999999999994,0.0,0.7388000000000048
-0.2095699999999998,-0.22141999999999973,0.0,-5.43441
-0.06986000000000026,-0.07380999999999993,0.0,0.01782999999999646
-0.1020500000000002,-0.10661000000000032,0.0,6.66554
0.07873000000000019,0.26702000000000004,0.0,-1.849969999999999
0.026250000000000107,0.08899999999999997,0.0,-4.056049999999999
-0.00869000000000053,0.05859000000000014,0.0,6.327170000000002
-0.022380000000000067,0.0650599999999999,0.0,-6.508960000000002
-0.007469999999999644,0.021689999999999987,0.0,-0.1608500000000035
-0.022529999999999717,-0.10758000000000001,0.0,5.3521
0.015600000000000058,0.028189999999999937,0.0,-5.420379999999994
0.010399999999999743,0.01880000000000015,0.0,-0.19085000000000463
-0.027660000000000018,-0.08479999999999999,0.0,6.400400000000005
0.010379999999999612,0.02220999999999984,0.0,-6.530590000000004
0.008070000000000022,0.017279999999999962,0.0,0.339500000000001
0.0,0.0,0.0,-0.1561799999999991
-0.021669999999999412,-0.048249999999999904,0.0,0.19574999999999676
-0.017730000000000246,-0.039470000000000116,0.0,0.04540000000000077
0.009470000000000312,0.007170000000000343,0.0,-0.11392000000000024
-0.0037000000000002586,-0.040550000000000086,0.0,0.6514400000000009
-0.011510000000000353,-0.07475999999999994,0.0,-0.3145799999999994
-0.07918999999999965,-0.1592500000000001,0.0,-0.09271999999999991
0.045729999999999826,0.14947,0.0,-0.39923000000000286
0.022870000000000168,0.07473000000000019,0.0,0.30093000000000103
-0.006590000000000096,-0.09817000000000009,0.0,-0.10947000000000173
-0.012279999999999625,-0.0674800000000002,0.0,0.06475000000000364
-0.015150000000000219,-0.07301000000000002,0.0,0.19912000000000063
0.01548000000000016,-0.1471499999999999,0.0,-0.6861299999999986
0.003849999999999909,-0.07175999999999982,0.0,0.8070499999999967
0.009019999999999584,-0.12080000000000046,0.0,-0.471429999999998
-0.01100000000000012,-0.0041599999999997195,0.0,0.5568200000000019
-0.012019999999999698,0.02566999999999986,0.0,-0.4937100000000001
-0.006000000000000227,0.012840000000000185,0.0,-0.1450100000000063
0.005770000000000053,-0.02283000000000035,0.0,-0.009419999999998652
0.007680000000000575,-0.011649999999999494,0.0,0.5936400000000006
0.005479999999999485,-0.008309999999999818,0.0,-0.525109999999998
-4.999999999988347e-05,-0.004830000000000112,0.0,-0.28265000000000384
-0.0034599999999995745,0.007410000000000139,0.0,0.01162000000000063
-0.0027700000000008274,0.005929999999999325,0.0,0.4923400000000058
0.01085000000000047,-0.0031599999999993855,0.0,-0.98095
0.0046600000000003305,-0.005810000000000315,0.0,1.3821499999999958
0.003949999999999676,-0.004909999999999748,0.0,-0.7083499999999958
-0.004889999999999617,0.0049399999999995,0.0,0.49778999999999485
-0.0059200000000005915,0.0036000000000004917,0.0,-0.0364099999999965
-0.005169999999999675,0.003149999999999764,0.0,-0.23423999999999978
-9.000000000014552e-05,-0.0020899999999999253,0.0,-0.636880000000005
-0.0004999999999997229,-0.0036399999999998656,0.0,1.0968700000000027
-0.000440000000000218,-0.0032600000000000406,0.0,-0.14970000000000283
0.002169999999999561,-0.0022799999999998377,0.0,-0.8528599999999997
0.00264000000000042,-0.003049999999999997,0.0,0.49221000000000004
0.0024100000000002453,-0.0027600000000003178,0.0,0.007510000000003458
0.004529999999999923,0.000440000000000218,0.0,5.999789999999997
0.01902999999999988,0.009549999999999947,0.0,-0.6923899999999961
0.05140000000000011,0.023290000000000255,0.0,-0.3012500000000031
0.7670599999999999,0.15792999999999946,0.0,-2.1273199999999974
0.34463,0.001100000000000101,0.0,-1.7250900000000016
0.60032,0.0537399999999999,0.0,0.2169499999999971
0.0792799999999998,0.04031999999999991,0.0,0.04860000000000042
0.01639000000000035,0.0008200000000000429,0.0,-0.01991999999999905
0.2671699999999997,0.31698000000000004,0.0,1.8384199999999993
0.5730900000000001,0.8143100000000003,0.0,-0.6422299999999979
0.41976000000000013,0.6241799999999997,0.0,-1.3469199999999972
0.8388899999999999,1.25886,0.0,1.7283100000000005
0.34815999999999997,0.5372699999999999,0.0,-0.14484000000000208
0.11451999999999998,0.17646,0.0,0.14958999999999634
0.22635,0.35175,0.0,-0.6890299999999954
-0.0012399999999999634,-0.0018299999999999983,0.0,-1.9556299999999993
-0.00041000000000002146,-0.0006099999999999994,0.0,2.3641999999999967
-0.000250000000000028,-0.0024399999999999977,0.0,-0.5415899999999993
-0.0015099999999999558,-0.0012500000000000289,0.0,-0.8421400000000006
-0.0006000000000000449,-0.00014999999999998348,0.0,1.5632700000000028
1.0000000000010001e-05,0.0008299999999999974,0.0,-0.4710200000000029
0.0015100000000000113,0.0020700000000000163,0.0,-1.2475999999999985
0.0011800000000000144,0.0015999999999999903,0.0,1.4813100000000006
0.0007800000000000029,0.00026999999999999247,0.0,-0.6035400000000024
-0.00012000000000000899,0.00017000000000000348,0.0,-0.9721800000000016
8.999999999997899e-05,0.00046000000000001595,0.0,1.4390900000000002
0.000260000000000038,7.999999999996898e-05,0.0,-0.23787999999999698
-0.00026999999999999247,-0.00012999999999996348,0.0,-1.1522799999999975
-0.00024000000000001798,-0.0001100000000000545,0.0,1.7415999999999983
0.0007999999999999674,0.0013300000000000534,0.0,-0.7066900000000018
0.0006000000000000449,0.0008099999999999774,0.0,-1.0385599999999968
0.0005399999999999849,0.0007099999999999884,0.0,1.6243599999999958
0.00031999999999998696,0.000140000000000029,0.0,-0.5946700000000007
-0.00020999999999998797,-0.00039000000000000146,0.0,-1.1418299999999988
0.00018999999999996797,0.00030999999999997696,0.0,1.8136599999999987
-0.0006799999999999584,-0.00043999999999999595,0.0,-1.0550799999999967
-0.00024000000000001798,0.00047000000000002595,0.0,0.4424500000000009
0.000140000000000029,0.0010299999999999754,0.0,-0.2730900000000034
-5.0000000000050004e-05,0.0007900000000000129,0.0,-0.1139700000000019
4.0000000000040004e-05,0.0010000000000000009,0.0,-0.3261099999999999
3.999999999998449e-05,0.0009199999999999764,0.0,-0.608399999999996
4.999999999999449e-05,0.0010600000000000054,0.0,1.1286500000000004
-0.00031999999999998696,0.0006200000000000094,0.0,0.09165999999999741
-0.00029000000000001247,0.0005799999999999694,0.0,-0.21719999999999828
-9.999999999998899e-05,0.0005300000000000304,0.0,0.31376000000000204
7.999999999996898e-05,-0.00017000000000000348,0.0,-0.8883300000000034
8.00000000000245e-05,-0.00015999999999999348,0.0,1.6985099999999989
-0.00040000000000001146,-0.0011400000000000299,0.0,-0.13924000000000092
-0.00028000000000000247,-0.0006899999999999684,0.0,-0.01892999999999745
-0.00025999999999998247,-0.0006499999999999839,0.0,-0.7582000000000022
-0.00032999999999999696,-0.0007800000000000029,0.0,0.606100000000005
-0.000140000000000029,-0.0007100000000000439,0.0,0.06203000000000003
-0.00012999999999996348,-0.0006599999999999939,0.0,0.21822999999999837
-0.00030000000000002247,-0.0009000000000000119,0.0,0.32605999999999824
-0.00018999999999996797,-0.0005899999999999794,0.0,-1.009450000000001
-0.00018000000000001348,-0.0005700000000000149,0.0,-0.24986999999999426
-0.00023000000000000798,-0.0005199999999999649,0.0,1.423179999999995
-0.00017000000000000348,-0.0005000000000000004,0.0,-1.1312399999999982
-0.00017000000000000348,-0.00048000000000003595,0.0,-0.2248299999999972
-0.00019999999999997797,-0.0007499999999999729,0.0,0.018959999999999866
-0.00010999999999999899,-0.00036999999999998145,0.0,1.2386899999999983
-0.0001000000000000445,-0.00035000000000001696,0.0,-1.0773100000000042
-0.00019999999999997797,-0.00031999999999998696,0.0,1.4115300000000062
-4.999999999999449e-05,-0.000490000000000046,0.0,-0.24333000000000027
-8.999999999997899e-05,-0.0005599999999999494,0.0,-0.7779900000000026
-0.00023000000000000798,-0.000490000000000046,0.0,-0.37268000000000256
-0.000150000000000039,-0.0005199999999999649,0.0,0.334850000000003
-0.00025999999999998247,-0.0006900000000000239,0.0,0.43401999999999674
-0.00040000000000001146,-0.0008599999999999719,0.0,0.049320000000001585
-0.0006599999999999939,-0.0011099999999999999,0.0,0.7577300000000022
-0.009050000000000002,-0.025190000000000046,0.0,-1.3906399999999977
-0.006309999999999982,-0.006809999999999983,0.0,0.7763299999999944
0.006989999999999996,0.012199999999999989,0.0,0.09235999999999933
0.003500000000000003,0.00609000000000004,0.0,-0.7488099999999989
0.00047000000000002595,0.005149999999999988,0.0,0.13085999999999842
-0.0028200000000000447,-0.007369999999999988,0.0,0.3273200000000003
-0.0020899999999999808,-0.0023700000000000387,0.0,-0.7087099999999964
-0.0005600000000000049,-0.004229999999999956,0.0,0.6938400000000016
-0.00042999999999998595,-0.003300000000000025,0.0,1.1367100000000008
-0.0009399999999999964,-0.0006900000000000239,0.0,-1.4643800000000056
-0.0005600000000000049,-0.0011999999999999789,0.0,0.8822900000000047
-0.00046000000000001595,-0.0010000000000000009,0.0,0.10882999999999754
0.00041000000000002146,0.002960000000000018,0.0,-1.248420000000003
-0.000140000000000029,-0.0009600000000000164,0.0,0.974650000000004
-0.00012000000000000899,-0.0008400000000000074,0.0,-0.7652599999999978
-0.0012399999999999634,-0.0038699999999999846,0.0,-0.6009600000000006
-0.00032999999999999696,-0.0011700000000000044,0.0,1.0921200000000013
-0.00030000000000002247,-0.0010499999999999954,0.0,0.9846999999999966
-0.00031999999999998696,-0.00047000000000002595,0.0,-0.3053299999999979
-0.00028000000000000247,-0.00042999999999998595,0.0,-0.030979999999999563
-0.00025999999999998247,-0.00039000000000000146,0.0,0.017569999999999197
-0.00021000000000004349,-0.0005000000000000004,0.0,0.48644000000000176
-1.999999999996449e-05,0.00020000000000003348,0.0,-0.2914700000000039
-1.0000000000010001e-05,0.00016999999999994797,0.0,0.17443000000000097
-0.0006599999999999939,-0.0008499999999999619,0.0,-0.798569999999998
0.0007099999999999884,0.0012099999999999889,0.0,0.00198999999999927
0.0006599999999999939,0.0011300000000000199,0.0,1.0578399999999988
-0.00028000000000000247,-0.0009700000000000264,0.0,0.2876199999999969
4.999999999999449e-05,-7.00000000000145e-05,0.0,-0.21857999999999578
4.999999999999449e-05,-6.999999999995898e-05,0.0,0.20888000000000062
-0.00025999999999998247,-0.0005200000000000204,0.0,-1.4706100000000006
8.999999999997899e-05,-0.00030999999999997696,0.0,1.4462599999999952
9.00000000000345e-05,-0.00029000000000001247,0.0,0.07034000000000162
-0.00036000000000002697,-0.00010999999999999899,0.0,-1.362649999999995
-0.00037999999999999146,-0.00032999999999999696,0.0,0.8593099999999936
-0.00035999999999997145,-0.00030000000000002247,0.0,0.47308000000000305
-0.000150000000000039,-0.0005299999999999749,0.0,-0.08487999999999829
-0.00019999999999997797,-0.0005600000000000049,0.0,0.045940000000001646
-0.00019000000000002348,-0.0005399999999999849,0.0,0.35550999999999533
-0.00015999999999999348,-0.00022000000000005349,0.0,-0.5100300000000004
-0.00012999999999996348,-0.00011999999999995348,0.0,-0.2947799999999958
-2.0000000000020002e-05,4.999999999999449e-05,0.0,0.8458399999999955
-6.0000000000004494e-05,9.999999999998899e-05,0.0,-0.46703999999999724
0.000130000000000019,-1.0000000000010001e-05,0.0,-0.26984999999999815
0.00020999999999998797,0.00015999999999999348,0.0,0.19929999999999382
0.00010999999999999899,0.000140000000000029,0.0,0.13358000000000203
0.00019999999999997797,6.999999999995898e-05,0.0,-0.17145999999999617
0.00020000000000003348,8.00000000000245e-05,0.0,-0.008639999999999759
7.999999999996898e-05,0.00010999999999999899,0.0,-0.360040000000005
0.00029000000000001247,0.00041999999999997595,0.0,0.2011099999999999
-0.00028000000000000247,-0.00047999999999998044,0.0,0.27597000000000094
-0.00025999999999998247,-0.0005799999999999694,0.0,-1.0598499999999973
4.999999999999449e-05,-0.0006900000000000239,0.0,0.604849999999999
0.00045000000000000595,0.0006599999999999939,0.0,0.7562700000000007
0.00036999999999998145,0.00024000000000001798,0.0,-0.4050900000000013
0.000140000000000029,0.0006499999999999839,0.0,-0.5303100000000001
0.00012999999999996348,0.0006499999999999839,0.0,0.7212600000000009
0.00023000000000000798,4.0000000000040004e-05,0.0,-0.42616999999999905
0.00020999999999998797,0.00029999999999996696,0.0,-0.40966000000000236
0.00021999999999999797,0.00029000000000001247,0.0,0.846350000000001
9.00000000000345e-05,-0.0006999999999999784,0.0,-0.8169400000000024
6.0000000000004494e-05,0.00036999999999998145,0.0,0.82911
9.99999999995449e-06,0.00030000000000002247,0.0,-0.37460000000000093
0.00044000000000005146,0.0011299999999999644,0.0,0.577530000000003
9.999999999998899e-05,0.00023000000000000798,0.0,0.3949700000000007
6.0000000000004494e-05,0.00014999999999998348,0.0,-1.1451100000000025
-1.0000000000010001e-05,0.000250000000000028,0.0,0.2368900000000025
0.0,0.0,0.0,0.09282000000000323
1.0000000000010001e-05,0.0,0.0,0.48031999999999897
2.999999999997449e-05,0.00035999999999997145,0.0,0.18648999999999916
1.0000000000010001e-05,0.0006400000000000294,0.0,-0.06969000000000136
4.999999999999449e-05,0.0007099999999999884,0.0,-0.39714000000000027
0.0008199999999999874,0.0025800000000000267,0.0,0.828719999999997
0.00031000000000003247,0.0018899999999999473,0.0,-0.19235999999999365
0.003610000000000002,0.026910000000000045,0.0,-0.07882000000000033
0.015059999999999962,0.051059999999999994,0.0,0.005639999999999645
0.006599999999999995,0.013789999999999969,0.0,0.1891299999999987
0.01161000000000001,0.030810000000000004,0.0,-0.47968999999999795
-0.0018299999999999983,-0.005220000000000002,0.0,0.4747999999999948
-0.003730000000000011,-0.002789999999999959,0.0,-0.1339800000000011
-0.0018699999999999828,-0.0013900000000000023,0.0,-0.5332399999999993
0.0009299999999999864,0.0013499999999999623,0.0,0.46901000000000437
0.0008000000000000229,0.0013900000000000023,0.0,0.2875099999999975
0.0005799999999999694,0.0009899999999999909,0.0,-0.3371799999999965
0.00045000000000000595,0.0016600000000000503,0.0,-0.27787000000000006
0.00036000000000002697,0.0020499999999999963,0.0,0.03998999999999597
0.00029000000000001247,0.0016399999999999748,0.0,0.21934000000000253
0.00019999999999997797,-0.0005299999999999749,0.0,-0.07955000000000467
-0.00047999999999998044,-0.00018000000000001348,0.0,0.16877000000000209
-0.00040000000000001146,-0.00015999999999999348,0.0,-0.15455999999999648
-0.00024000000000001798,0.0005899999999999794,0.0,0.027479999999997062
0.00048000000000003595,0.0009600000000000164,0.0,0.2920000000000016
0.00041999999999997595,0.0008400000000000074,0.0,-0.3538600000000045
3.999999999998449e-05,-0.00039000000000000146,0.0,0.049080000000003565
-0.00039000000000000146,-0.00017000000000000348,0.0,0.14025000000000176
-0.00034999999999996145,-0.000140000000000029,0.0,-0.2817800000000048
9.999999999998899e-05,0.00032999999999999696,0.0,0.12458000000000169
-0.00028000000000000247,-1.999999999996449e-05,0.0,-0.007799999999996032
-0.00025999999999998247,-3.0000000000030003e-05,0.0,0.07926999999999396
-9.00000000000345e-05,-0.00034999999999996145,0.0,0.08141000000000531
8.00000000000245e-05,-0.000150000000000039,0.0,0.13636999999999944
6.999999999995898e-05,-0.00012999999999996348,0.0,-0.3970600000000033
0.000250000000000028,0.00032999999999999696,0.0,0.16786000000000456
0.00024999999999997247,-4.0000000000040004e-05,0.0,-0.1694000000000031
0.00023000000000000798,-2.999999999997449e-05,0.0,0.027880000000003236
-7.999999999996898e-05,-0.00020999999999998797,0.0,0.0664199999999937
-0.00017000000000000348,-7.00000000000145e-05,0.0,-0.0747299999999953
-0.00014999999999998348,-6.0000000000004494e-05,0.0,-0.018419999999998993
0.00031999999999998696,0.00021999999999999797,0.0,0.27761999999999887
0.00021999999999999797,0.00035000000000001696,0.0,-0.15064999999999884
0.00019999999999997797,0.00034000000000000696,0.0,-0.05851000000000539
-7.00000000000145e-05,-0.000250000000000028,0.0,-0.10034999999999883
-0.00011999999999995348,-0.00010999999999999899,0.0,0.11019999999999897
-0.0001000000000000445,-9.999999999998899e-05,0.0,-0.1174699999999973
0.00032000000000004247,0.00023000000000000798,0.0,0.10132999999999726
0.00017000000000000348,-0.00010999999999999899,0.0,0.0007599999999996498
0.00017000000000000348,-0.00010999999999999899,0.0,0.260780000000004
0.00011999999999995348,-4.0000000000040004e-05,0.0,-0.05870999999999782
0.00020000000000003348,0.000130000000000019,0.0,-0.0603800000000021
0.00018000000000001348,0.000130000000000019,0.0,-0.014560000000003015
0.00020999999999998797,0.00014999999999998348,0.0,0.29784000000000077
0.00020999999999998797,-1.0000000000010001e-05,0.0,-0.42118999999999573
0.00020999999999998797,-1.0000000000010001e-05,0.0,-0.1180000000000021
0.000130000000000019,-5.999999999994898e-05,0.0,0.3872
2.999999999997449e-05,4.999999999999449e-05,0.0,-0.055100000000003035
-1.999999999996449e-05,6.0000000000004494e-05,0.0,-0.09734999999999872
0.00021999999999999797,0.00022999999999995246,0.0,0.00274999999999892
0.00020999999999998797,0.00048000000000003595,0.0,0.17540000000000333
0.00021999999999999797,0.00046999999999997044,0.0,-0.08118999999999943
0.00010999999999999899,-8.999999999997899e-05,0.0,-0.14583999999999975
-8.999999999997899e-05,7.00000000000145e-05,0.0,0.07113999999999976
-9.00000000000345e-05,6.999999999995898e-05,0.0,0.21777999999999764
0.000150000000000039,-7.999999999996898e-05,0.0,-0.11446000000000112
-9.00000000000345e-05,-0.00037000000000003697,0.0,-0.45268000000000086
-0.00017000000000000348,-0.0004899999999999904,0.0,0.4991500000000002
0.00034000000000000696,-0.00012999999999996348,0.0,-0.4535399999999967
0.00046000000000001595,-0.00020000000000003348,0.0,0.2786299999999997
0.0005299999999999749,-8.999999999997899e-05,0.0,-0.13390000000000413
0.0005200000000000204,-0.00041000000000002146,0.0,-0.30887999999999494
0.0005299999999999749,-0.00010999999999999899,0.0,0.585879999999996
0.0004899999999999904,-0.00017000000000000348,0.0,-0.12295999999999907
0.00035000000000001696,-1.999999999996449e-05,0.0,-0.23581000000000074
0.00032999999999999696,-0.00048000000000003595,0.0,0.22247000000000128
0.000150000000000039,-0.0007899999999999574,0.0,-0.264879999999998
-1.0000000000010001e-05,-0.0010200000000000209,0.0,0.014440000000000452
8.999999999997899e-05,-0.0006099999999999994,0.0,0.0650100000000009
0.00015999999999999348,-0.00047999999999998044,0.0,0.42501000000000033
0.00012000000000000899,-0.0005100000000000104,0.0,-0.21387
0.00015999999999999348,-0.00032000000000004247,0.0,-0.27293000000000234
0.00014999999999998348,-0.00031999999999998696,0.0,0.031819999999996185
-3.999999999998449e-05,-0.0008900000000000019,0.0,-0.15266999999999342
-4.999999999999449e-05,-0.0005999999999999894,0.0,0.27563999999999567
-3.999999999998449e-05,-0.0005999999999999894,0.0,0.09349000000000274
0.00013999999999997348,-0.0006099999999999994,0.0,-0.32545000000000357
0.00032000000000004247,-0.00036999999999998145,0.0,0.6377300000000048
0.00038999999999994595,-0.000250000000000028,0.0,-0.18509000000000242
4.0000000000040004e-05,-0.00043999999999999595,0.0,-0.14686000000000377
0.00026999999999999247,-0.00041999999999997595,0.0,0.1891300000000058
0.00025999999999998247,-0.00043000000000004146,0.0,-0.23748000000000502
0.00031000000000003247,-7.999999999996898e-05,0.0,-0.06789999999999452
0.00037999999999999146,-0.00032999999999999696,0.0,-0.022970000000000823
0.00024999999999997247,-0.0005300000000000304,0.0,-0.17872000000000554
-0.00013999999999997348,-0.0008400000000000074,0.0,0.574140000000007
-0.00028000000000000247,-0.0007399999999999629,0.0,-0.24740000000000606
-0.00039000000000000146,-0.0009500000000000064,0.0,-0.03096999999999639
-0.00026999999999999247,-0.0009200000000000319,0.0,-0.0928299999999993
-0.00031000000000003247,-0.0011099999999999999,0.0,0.018560000000000798
-0.00025999999999998247,-0.0010299999999999754,0.0,0.2959999999999994
-0.00042999999999998595,-0.0009399999999999964,0.0,-0.2052499999999995
-0.00046000000000001595,-0.0010700000000000154,0.0,-0.25712000000000046
-0.00042999999999998595,-0.0010000000000000009,0.0,0.19889999999999475
-0.0006599999999999939,-0.0008699999999999819,0.0,0.15227000000000146
-0.012970000000000037,-0.02301000000000003,0.0,0.043379999999999086
-0.0038599999999999746,-0.0016799999999999593,0.0,-0.06398000000000081
-0.0006400000000000294,0.0010600000000000054,0.0,0.12731000000000137
-0.0008299999999999974,0.0010499999999999954,0.0,0.02740000000000009
-8.999999999997899e-05,0.0012699999999999934,0.0,-0.03148999999999802
2.0000000000020002e-05,0.0019599999999999618,0.0,-0.06956000000000273
0.00041999999999997595,0.0024200000000000332,0.0,-0.010169999999995127
0.0005800000000000249,0.0022099999999999898,0.0,-0.024200000000000443
0.00045000000000000595,0.0021900000000000253,0.0,0.03730000000000189
-0.0007000000000000339,-0.0005700000000000149,0.0,-0.03141000000000105
-0.0005700000000000149,-0.00046000000000001595,0.0,0.022929999999995232
0.00017000000000000348,0.0006300000000000194,0.0,0.008790000000004738
0.00023000000000000798,0.0009699999999999709,0.0,0.1737499999999983
4.999999999999449e-05,0.0006000000000000449,0.0,-0.19331000000000387
9.00000000000345e-05,6.999999999995898e-05,0.0,-0.023599999999994736
-0.00046000000000001595,-0.0006799999999999584,0.0,0.01939000000000135
-0.0005399999999999849,-0.0007900000000000129,0.0,0.32756999999999437
-0.00043999999999999595,-0.00020000000000003348,0.0,-0.0323799999999963
-9.00000000000345e-05,-1.999999999996449e-05,0.0,-0.13033000000000072
-7.999999999996898e-05,-2.0000000000020002e-05,0.0,0.09346999999999639
0.00017999999999995797,0.00025999999999998247,0.0,0.09423000000000314
-8.999999999997899e-05,-0.00013999999999997348,0.0,-0.007410000000000139
1.0000000000010001e-05,1.0000000000010001e-05,0.0,-0.28059999999999974
2.0000000000020002e-05,-0.00031000000000003247,0.0,0.02371000000000123
-4.0000000000040004e-05,-2.999999999997449e-05,0.0,0.09742999999999569
4.999999999999449e-05,9.999999999998899e-05,0.0,-0.10655999999999466
0.00043000000000004146,0.00023000000000000798,0.0,0.053010000000000446
0.00031999999999998696,0.00040000000000001146,0.0,0.06473999999999336
0.00023999999999996247,0.00026999999999999247,0.0,0.04864000000000601
0.00031000000000003247,0.00031999999999998696,0.0,0.1935799999999972
-8.999999999997899e-05,-0.00023000000000000798,0.0,0.039160000000002526
-0.00021000000000004349,-0.00042999999999998595,0.0,-0.22005000000000052
-0.0005299999999999749,-0.0008400000000000074,0.0,0.12613999999999947
-0.0005300000000000304,-0.0008900000000000019,0.0,-0.13869000000000398
-0.0004899999999999904,-0.0008400000000000074,0.0,0.13392999999999944
-0.00032999999999999696,-0.0005899999999999794,0.0,0.24995000000000545
-0.00023999999999996247,-0.0005399999999999849,0.0,-0.03923000000000343
-0.00017000000000000348,-0.00041000000000002146,0.0,-0.5038899999999984
-0.00024000000000001798,-0.00042999999999998595,0.0,0.1927000000000021
7.999999999996898e-05,0.00023000000000000798,0.0,0.011959999999994864
7.00000000000145e-05,0.00020999999999998797,0.0,0.19686000000000092
-0.00010999999999999899,-1.0000000000010001e-05,0.0,0.045750000000005286
2.0000000000020002e-05,-0.00013999999999997348,0.0,-0.2510000000000048
1.999999999996449e-05,-0.000140000000000029,0.0,0.13266000000000133
-9.99999999995449e-06,0.00021999999999999797,0.0,-0.02201000000000164
6.999999999995898e-05,8.00000000000245e-05,0.0,0.07791999999999888
6.0000000000004494e-05,7.999999999996898e-05,0.0,0.19718000000000302
-1.0000000000010001e-05,-9.999999999998899e-05,0.0,-0.30872999999999706
-0.00024999999999997247,-6.0000000000004494e-05,0.0,0.23812999999999818
-9.999999999998899e-05,2.0000000000020002e-05,0.0,0.03394000000000119
-0.000150000000000039,-0.00020000000000003348,0.0,-0.1761900000000054
-2.999999999997449e-05,-0.00026999999999999247,0.0,0.08605000000000018
-8.00000000000245e-05,-0.00032999999999999696,0.0,0.14254000000000389
-2.999999999997449e-05,-0.00024999999999997247,0.0,-0.36887000000000114
-0.00014999999999998348,-0.00038000000000004697,0.0,0.1469200000000015
-0.00019000000000002348,-0.00043999999999999595,0.0,0.15370999999999668
-0.00025999999999998247,-0.0005799999999999694,0.0,0.04639999999999844
2.999999999997449e-05,-0.00014999999999998348,0.0,-0.1976799999999983
3.0000000000030003e-05,-0.000160000000000049,0.0,0.13862000000000307
-4.0000000000040004e-05,-5.999999999994898e-05,0.0,0.13562999999999903
-0.00016999999999994797,-0.00020000000000003348,0.0,-0.022640000000002658
-0.000130000000000019,-0.000130000000000019,0.0,-0.2622399999999985
0.00036999999999998145,-9.999999999998899e-05,0.0,-0.16772000000000276
0.0007099999999999884,0.000130000000000019,0.0,-0.04318999999999562
0.0007600000000000384,0.00019999999999997797,0.0,0.04823999999999984
0.0006299999999999639,4.0000000000040004e-05,0.0,-0.29833
0.00046000000000001595,-9.00000000000345e-05,0.0,0.10466000000000264
0.00045000000000000595,-9.999999999998899e-05,0.0,0.08663999999999561
0.00046000000000001595,-0.00020999999999998797,0.0,0.10896000000000328
0.00047999999999998044,-0.000140000000000029,0.0,-0.02044000000000068
0.00043999999999999595,-0.00020999999999998797,0.0,0.12330999999999648
0.00043999999999999595,1.0000000000010001e-05,0.0,0.05257999999999896
0.00029000000000001247,-0.00012000000000000899,0.0,-0.025399999999997647
0.00024000000000001798,-0.00018999999999996797,0.0,-0.028439999999996246
0.00022999999999995246,-0.00024000000000001798,0.0,0.1544499999999971
0.00031000000000003247,-0.00032999999999999696,0.0,-0.09098000000000184
0.00035999999999997145,-0.000260000000000038,0.0,-0.12966000000000122
0.00035000000000001696,-0.00026999999999999247,0.0,0.1811000000000007
0.0006800000000000139,0.000140000000000029,0.0,-0.22439999999999571
0.0007599999999999829,0.00028000000000000247,0.0,0.18535999999999575
0.0005499999999999949,3.999999999998449e-05,0.0,0.21289000000000158
0.0006400000000000294,0.00021999999999999797,0.0,-0.06174999999999642
0.0006499999999999839,0.00020999999999998797,0.0,-0.22340000000000515
0.0005600000000000049,0.00018000000000001348,0.0,0.05912000000000006
0.00041000000000002146,0.00032999999999999696,0.0,0.044340000000005375
0.00035999999999997145,0.00025999999999998247,0.0,-0.15172000000000452
0.0005399999999999849,2.0000000000020002e-05,0.0,0.3287699999999987
0.00043999999999999595,-0.00036999999999998145,0.0,0.016809999999999548
0.00043999999999999595,-0.00037999999999999146,0.0,0.010989999999999611
0.0005000000000000004,-0.000130000000000019,0.0,-0.008029999999997983
0.000270000000000048,-0.00028000000000000247,0.0,-0.23020999999999958
0.00028000000000000247,-0.00029000000000001247,0.0,0.221580000000003
0.00040999999999996595,-0.00025999999999998247,0.0,-0.16436000000000206
0.00036999999999998145,-0.00019000000000002348,0.0,-0.007559999999998013
0.00038000000000004697,-0.00017999999999995797,0.0,0.3273900000000012
0.0006799999999999584,-5.0000000000050004e-05,0.0,-0.16144000000000602
0.0006800000000000139,2.0000000000020002e-05,0.0,-0.1094099999999969
0.0007599999999999829,0.00014999999999998348,0.0,-0.04491999999999763
0.0008700000000000374,0.0005300000000000304,0.0,0.306839999999994
0.0009399999999999964,0.0005600000000000049,0.0,-0.20077999999999463
-0.02460000000000001,-0.05769000000000002,0.0,0.04511999999999716
-0.38479,-0.64308,0.0,-0.02588000000000079
-0.26947,-0.43278000000000005,0.0,-0.18818999999999875
-0.39832999999999996,-0.64805,0.0,0.40512999999999977
0.13091999999999993,0.1909400000000001,0.0,-0.25258999999999787
0.18228000000000005,0.29847999999999997,0.0,-0.3976499999999987
0.36411,0.59554,0.0,0.4457099999999983
0.2064,0.35262000000000004,0.0,-0.10417000000000343
0.06835,0.11277000000000001,0.0,-0.047989999999998645
0.13652999999999998,0.22921999999999998,0.0,0.08802000000000021
-0.00039000000000000146,0.0005100000000000104,0.0,-0.061779999999998836
0.003330000000000055,0.0029899999999999927,0.0,-0.20714000000000254
0.002559999999999951,0.0030300000000000327,0.0,0.6707299999999989
-0.0006399999999999739,0.0005000000000000004,0.0,-0.5160999999999945
0.0006599999999999939,0.003019999999999967,0.0,0.16460999999999615
0.0010000000000000009,0.003049999999999997,0.0,0.36111999999999966
-0.00047999999999998044,0.0007699999999999929,0.0,-0.6296899999999965
0.00023999999999996247,0.0018200000000000438,0.0,0.25368999999999886
0.00019000000000002348,0.0014699999999999713,0.0,0.24568000000000012
0.0006399999999999739,0.0016100000000000003,0.0,-0.32704000000000377
0.0005700000000000149,0.0007000000000000339,0.0,-0.07139999999999702
0.0004899999999999904,0.0005899999999999794,0.0,0.2726899999999972
0.00035000000000001696,0.0008699999999999819,0.0,0.0191599999999994
-0.00018000000000001348,0.00034000000000000696,0.0,0.05920000000000414
-0.00014999999999998348,0.00030000000000002247,0.0,0.07482999999999862
6.0000000000004494e-05,0.0008299999999999974,0.0,0.01769999999999783
0.00024000000000001798,0.0005100000000000104,0.0,-0.42581999999999454
0.00020999999999998797,0.00044999999999995044,0.0,0.5049199999999985
0.00042999999999998595,0.0006200000000000094,0.0,-0.2717000000000027
0.00018000000000001348,0.00021999999999999797,0.0,-0.2682299999999955
0.00015999999999999348,0.00021000000000004349,0.0,0.5115199999999973
9.999999999998899e-05,0.0005000000000000004,0.0,0.043489999999998474
-8.999999999997899e-05,9.999999999998899e-05,0.0,-0.38716999999999757
-8.00000000000245e-05,9.999999999998899e-05,0.0,0.34324000000000154
-0.00029999999999996696,0.00024000000000001798,0.0,-0.21091000000000548
7.999999999996898e-05,0.00011999999999995348,0.0,-0.15471999999999753
7.00000000000145e-05,0.00010999999999999899,0.0,0.3923600000000036
0.00036999999999998145,0.00047000000000002595,0.0,-0.47746000000000066
-0.00030999999999997696,0.00031999999999998696,0.0,0.2578899999999962
-0.00028000000000000247,0.00030000000000002247,0.0,-0.08153000000000077
0.0014799999999999813,0.0019000000000000128,0.0,0.177890000000005
0.0022699999999999942,0.0019299999999999873,0.0,0.5182999999999964
0.0021300000000000208,0.0018099999999999783,0.0,0.2210099999999997
0.002909999999999968,-0.0009299999999999864,0.0,-0.49163999999999675
0.02632000000000001,0.010240000000000027,0.0,0.04269000000000034
0.04465999999999998,-0.019980000000000053,0.0,-0.684980000000003
0.017730000000000024,-0.0033999999999999586,0.0,0.8106099999999969
-0.0009000000000000119,0.0014599999999999613,13.942089999999997,0.22224000000000643
-0.0005499999999999394,0.0008800000000000474,0.25929,0.08162999999999698
0.0012799999999999478,-6.0000000000004494e-05,-0.13100000000000023,-0.7045200000000023
0.00014999999999998348,0.0007800000000000029,0.4142700000000019,1.0670800000000042
0.0001100000000000545,0.0005899999999999794,-0.16483000000000203,-0.7358800000000016
3.999999999992898e-05,0.0005499999999999949,-0.8817599999999999,0.3196500000000029
0.00040000000000006697,-0.00020999999999998797,0.4247000000000014,0.14367999999999626
0.00031999999999998696,-0.00018000000000001348,0.6723399999999984,0.02174999999999727
0.0005300000000000304,-0.00028000000000000247,-0.9307999999999979,-0.4557399999999987
-0.000200000000000089,0.00029000000000001247,0.5854599999999976,0.42363000000000284
-0.00017999999999995797,0.00024999999999997247,0.4211000000000027,-0.28614999999999924
0.00026999999999999247,-9.99999999995449e-06,-0.7770399999999995,-0.2022400000000033
0.00034000000000000696,-0.00024000000000001798,0.5264900000000026,0.4317300000000017
0.00029999999999996696,-0.00019999999999997797,0.38162999999999414,-0.3714700000000022
-0.00025999999999992696,0.0012599999999999834,-1.1389199999999988,0.1492500000000021
8.999999999992347e-05,-9.999999999998899e-05,1.6430100000000039,0.33704999999999785
8.000000000008001e-05,-9.00000000000345e-05,-0.0908500000000032,-0.24568000000000012
-9.00000000000345e-05,-0.00013999999999997348,-1.3491199999999992,-0.2563699999999969
-0.00010999999999994348,0.0005100000000000104,0.5763499999999979,0.21956999999999738
-0.00010000000000010001,0.00045999999999996044,0.2629100000000051,-0.08198999999999756
8.000000000008001e-05,9.00000000000345e-05,-0.6073100000000053,-0.33366000000000184
3.999999999992898e-05,-2.0000000000020002e-05,-0.098239999999997,0.5531800000000047
4.999999999999449e-05,-2.0000000000020002e-05,0.5074100000000001,-0.5984400000000036
-0.00017000000000000348,0.0005400000000000404,-0.9576300000000018,-0.40068000000000126
-7.999999999996898e-05,0.0005000000000000004,1.2850000000000037,0.7884999999999991
-7.999999999996898e-05,0.00045999999999996044,-0.4344300000000061,-0.01133000000000095
7.999999999996898e-05,0.0005600000000000049,-0.6535299999999964,0.3110500000000016
-2.999999999997449e-05,0.00034000000000000696,0.18567999999999785,-0.23279999999999745
-2.0000000000020002e-05,0.00031999999999998696,0.021170000000005018,-0.4684700000000035
-0.00012000000000000899,0.00036000000000002697,0.21773999999999916,0.32560000000000144
-2.999999999997449e-05,8.999999999997899e-05,0.5120599999999982,0.16313000000000244
-2.0000000000020002e-05,8.00000000000245e-05,-0.8996100000000027,-0.27483000000000146
-2.0000000000020002e-05,0.00028000000000000247,-0.10981999999999914,0.27741000000000327
-2.999999999997449e-05,0.00040000000000001146,0.9408900000000031,-0.4596000000000018
-2.0000000000020002e-05,0.00037999999999999146,-0.9545500000000047,-0.09844000000000364
2.999999999997449e-05,-0.00017000000000000348,0.008000000000002672,0.7040000000000006
3.0000000000085514e-05,-4.999999999999449e-05,1.1595099999999974,-0.21801999999999566
2.0000000000020002e-05,-4.999999999999449e-05,-1.5620599999999953,-0.31018000000000256
3.999999999992898e-05,-0.00021000000000004349,0.3085099999999983,-0.7924700000000016
9.999999999998899e-05,-0.00023999999999996247,0.6216200000000001,1.053760000000004
3.0000000000085514e-05,-0.0006900000000000239,-0.7177399999999992,-0.4810900000000018
9.999999999998899e-05,-0.0014199999999999768,-0.47957999999999856,0.8603000000000023
4.999999999999449e-05,-0.0017600000000000393,0.8889799999999966,-0.7793400000000048
9.99999999995449e-06,-0.0022899999999999587,-0.04672999999999661,0.37255000000000393
0.0009400000000000519,-0.028500000000000025,-0.9858800000000016,0.28232999999999464
-0.0017200000000000548,-0.04224,0.7224799999999973,-0.4869199999999978
-0.0005699999999999594,-0.014079999999999981,0.12953999999999866,0.14432000000000045
-0.0019000000000000128,-0.009770000000000001,0.05017000000000138,-0.11777000000000015
-0.0011400000000000299,-0.005869999999999986,-0.24102999999999497,0.16665000000000418
-0.0029799999999999827,-0.0006300000000000194,-0.12859000000000265,-0.9305500000000038
-0.0019000000000000128,0.0009299999999999864,-0.003619999999997958,0.38551000000000357
-0.000260000000000038,-0.0010799999999999699,0.25435999999999837,0.17375999999999436
-0.0022899999999999032,0.0048699999999999855,0.08997999999999706,0.3445000000000036
-0.0017800000000000038,0.00491999999999998,0.2908400000000029,-0.9246600000000029
-0.0014200000000000879,0.0034800000000000386,-0.2335300000000018,0.8862700000000032
-0.0009899999999999354,0.0029699999999999727,0.6047799999999981,-0.11983000000000033
-0.0008299999999999974,0.0024299999999999877,-0.9108599999999996,-0.5891799999999989
0.00021999999999999797,-0.00045999999999996044,0.5956900000000047,0.0011699999999947863
0.00019999999999997797,-0.0001000000000000445,0.04567999999999728,0.5692100000000053
-0.0007500000000000284,0.0024800000000000377,0.6200499999999991,0.1293099999999967
-0.0006800000000000139,0.0022699999999999942,-0.07103000000000037,-0.09591999999999956
-0.0005299999999999194,0.00268999999999997,-0.6891499999999979,-0.25847000000000264
-0.000200000000000089,0.0023200000000000442,0.33930999999999756,0.3180900000000051
-0.00019999999999997797,0.0018899999999999473,-0.5585999999999984,-1.0337999999999994
-0.00030999999999992145,0.0013100000000000334,0.5081300000000013,0.7877399999999994
-0.00041000000000002146,0.0006300000000000194,-0.5483899999999977,0.4233599999999953
-0.00036999999999998145,0.0007299999999999529,1.064709999999998,-1.1860999999999962
-0.000160000000000049,0.0008600000000000274,0.3356500000000011,1.1901200000000003
-9.99999999995449e-06,-0.00032999999999999696,-0.2646100000000047,-0.4754300000000029
0.00011999999999989797,6.0000000000004494e-05,-0.7462599999999995,-1.0208299999999966
-0.00017999999999995797,0.0017899999999999583,0.36887000000000114,1.15775
0.00038000000000004697,0.0015200000000000213,0.18151000000000295,-0.08782000000000068
0.00034999999999996145,0.0014299999999999868,-0.26606999999999914,0.5104100000000003
9.99999999995449e-06,0.0020300000000000318,0.5569399999999973,-0.5377599999999987
9.00000000000345e-05,0.0015699999999999603,0.45685000000000286,0.24029999999999774
9.999999999998899e-05,0.0014900000000000468,-0.8705500000000015,-0.40268999999999977
0.0003500000000000725,0.0009299999999999864,0.5124500000000012,-0.10260999999999854
8.999999999992347e-05,0.0011399999999999744,0.2829399999999964,0.20456000000000074
0.0024600000000000177,0.027400000000000035,-0.7619800000000012,-0.8978500000000054
0.0030600000000000627,0.0017699999999999938,0.6913400000000038,1.0950500000000005
-0.0011900000000000244,0.004239999999999966,0.18631999999999493,-1.118699999999997
-0.00046999999999997044,0.00275000000000003,-0.5339899999999957,0.6074300000000008
-0.0009300000000000974,0.0047399999999999665,0.033619999999999095,0.666959999999996
-0.0009000000000000119,0.005780000000000007,0.24739999999999895,-0.5998799999999989
-0.0007399999999999629,0.0038900000000000046,-1.0602400000000003,0.11460999999999899
-0.0007199999999999429,0.0021100000000000008,0.6455699999999993,-0.23796000000000106
0.0005399999999999849,-0.0023900000000000032,0.02166000000000423,0.206940000000003
0.00047999999999992493,-0.0021299999999999653,0.0344999999999942,1.684420000000003
0.0008400000000000629,-0.0020700000000000163,-0.3888899999999964,-0.8881399999999999
0.0006599999999999939,-0.0007300000000000084,0.43354999999999677,0.29130999999999574
0.0005699999999999594,-0.00024000000000001798,0.6603700000000003,0.8500799999999984
0.00046000000000001595,-0.0009199999999999764,-0.3605400000000003,-1.4043399999999977
0.000160000000000049,-0.0008799999999999919,-0.15579999999999927,-0.027000000000001023
0.00012000000000000899,-0.0010000000000000009,0.17084000000000543,1.640900000000002
0.00037999999999993594,-0.0008600000000000274,0.26588999999999885,-0.05349999999999966
9.999999999998899e-05,-0.0006799999999999584,-0.061350000000004457,-0.7953699999999984
0.00012000000000000899,-0.00047000000000002595,-0.455919999999999,0.8241799999999984
-9.999999999998899e-05,-0.00041999999999997595,-0.1342999999999961,-1.3141099999999994
0.00021999999999999797,-0.00029000000000001247,0.17421999999999827,0.239609999999999
-0.0019299999999999873,-0.047640000000000016,0.07996999999999588,1.015030000000003
-0.003610000000000002,-0.57444,-0.4421199999999956,-1.380500000000005
0.04247999999999996,-0.26949,0.5027299999999997,0.505900000000004
0.019910000000000094,-0.41548000000000007,-0.4375399999999985,0.022169999999995582
0.013869999999999938,0.20887,0.9774600000000007,0.07666000000000395
-0.00017000000000000348,0.30226000000000003,-0.8042800000000057,-0.7803600000000017
-0.008599999999999941,0.43692000000000003,0.621220000000001,0.31799999999999784
-0.014330000000000065,0.19090000000000001,-0.41644999999999754,-0.06541999999999604
